Site,Date,SurveyorID,TreeNumber,StemBleeds,BarkCracks,ExitHoles
Hatchlands,21/07/2022,17,H1,0,0,0
Hatchlands,21/07/2022,17,H2,0,0,0
Hatchlands,21/07/2022,17,H3,0,0,0
Hatchlands,21/07/2022,17,H4,20+,0,0
Hatchlands,21/07/2022,17,H5,0,0,0
Hatchlands,21/07/2022,17,H6,0,0,0
Hatchlands,21/07/2022,17,H7,0,0,0
Hatchlands,21/07/2022,17,H8,10,0,0
Hatchlands,21/07/2022,17,H9,4,0,0
Hatchlands,21/07/2022,17,H10,0,0,20+
Hatchlands,21/07/2022,17,H11,0,0,0
Hatchlands,21/07/2022,17,H12,0,0,0
Hatchlands,21/07/2022,17,H13,0,0,0
Hatchlands,21/07/2022,17,H14,5,0,0
Hatchlands,21/07/2022,17,H15,0,5,0
Hatchlands,21/07/2022,17,H16,0,0,0
Hatchlands,21/07/2022,17,H17,0,0,0
Hatchlands,21/07/2022,17,H18,0,0,0
Hatchlands,21/07/2022,17,H19,0,0,0
Hatchlands,21/07/2022,17,H20,0,0,0
Hatchlands,21/07/2022,17,H21,10,0,0
Hatchlands,21/07/2022,17,H22,1,0,0
Hatchlands,21/07/2022,17,H23,0,0,0
Hatchlands,21/07/2022,17,H24,0,0,0
Hatchlands,21/07/2022,17,H25,0,0,0
Hatchlands,21/07/2022,17,H26,0,0,0
Hatchlands,21/07/2022,17,H27,10,0,0
Hatchlands,21/07/2022,17,H28,10,0,0
Hatchlands,21/07/2022,17,H29,0,0,0
Hatchlands,21/07/2022,17,H30,10,0,0
Hatchlands,21/07/2022,17,H31,0,0,0
Hatchlands,21/07/2022,17,H32,0,0,0
Hatchlands,21/07/2022,17,H33,0,0,0
Hatchlands,21/07/2022,17,H34,0,0,0
Hatchlands,21/07/2022,17,H35,0,0,0
Hatchlands,21/07/2022,17,H36,0,0,0
Hatchlands,21/07/2022,17,H37,0,0,0
Hatchlands,21/07/2022,17,H38,0,0,0
Hatchlands,21/07/2022,17,H39,0,0,0
Hatchlands,21/07/2022,17,H40,0,0,0
Hatchlands,21/07/2022,17,H41,0,0,0
Hatchlands,21/07/2022,17,H42,0,0,0
Hatchlands,21/07/2022,17,H43,0,0,0
Hatchlands,21/07/2022,17,H44,0,0,0
Hatchlands,21/07/2022,17,H45,0,0,0
Hatchlands,21/07/2022,17,H46,0,0,0
Hatchlands,21/07/2022,17,H47,2,0,0
Hatchlands,21/07/2022,17,H48,3,0,0
Hatchlands,21/07/2022,17,H49,0,0,0
Hatchlands,21/07/2022,17,H50,2,0,0
Hatchlands,21/07/2022,17,H51,0,0,0
Hatchlands,21/07/2022,17,H52,0,0,0
Hatchlands,21/07/2022,17,H53,0,0,0
Hatchlands,21/07/2022,17,H54,0,0,0
Hatchlands,21/07/2022,17,H55,0,0,0
Hatchlands,21/07/2022,17,H56,10,1,0
Hatchlands,21/07/2022,17,H57,0,0,0
Hatchlands,21/07/2022,17,H58,0,0,0
Hatchlands,21/07/2022,17,H59,5,0,0
Hatchlands,21/07/2022,17,H60,0,0,0
Hatchlands,21/07/2022,17,H61,0,0,0
Hatchlands,21/07/2022,17,H62,0,0,0
Hatchlands,21/07/2022,17,H63,0,0,0
Hatchlands,21/07/2022,17,H64,0,0,0
Hatchlands,21/07/2022,17,H65,0,0,0
Hatchlands,21/07/2022,17,H66,0,0,0
Hatchlands,21/07/2022,17,H67,0,0,0
Hatchlands,21/07/2022,17,H68,0,0,0
Hatchlands,21/07/2022,17,H69,0,0,0
Hatchlands,21/07/2022,17,H70,0,0,0
Hatchlands,21/07/2022,17,H71,0,0,0
Hatchlands,21/07/2022,17,H72,0,0,0
Hatchlands,21/07/2022,17,H73,2,0,0
Hatchlands,21/07/2022,17,H74,0,0,10
Hatchlands,21/07/2022,17,H75,0,0,0
Hatchlands,21/07/2022,15,H13,6,1,0
Hatchlands,21/07/2022,15,H14,2,3,0
Hatchlands,21/07/2022,15,H15,0,0,0
Hatchlands,21/07/2022,15,H16,1,4,0
Hatchlands,21/07/2022,15,H17,3,1,0
Hatchlands,21/07/2022,15,H18,5,9,20+
Hatchlands,21/07/2022,15,H19,0,1,2
Hatchlands,21/07/2022,15,H20,0,1,8
Hatchlands,21/07/2022,15,H21,11,4,0
Hatchlands,21/07/2022,15,H22,0,1,12
Hatchlands,21/07/2022,15,H23,0,3,4
Hatchlands,21/07/2022,15,H24,3,1,10
Hatchlands,21/07/2022,15,H25,0,2,10
Hatchlands,21/07/2022,15,H26,1,1,0
Hatchlands,21/07/2022,15,H27,5,0,50+
Hatchlands,21/07/2022,15,H28,3,0,0
Hatchlands,21/07/2022,15,H29,0,0,4
Hatchlands,21/07/2022,15,H30,0,1,2
Hatchlands,21/07/2022,15,H31,1,2,0
Hatchlands,21/07/2022,15,H32,0,0,0
Hatchlands,21/07/2022,15,H33,0,0,0
Hatchlands,21/07/2022,15,H34,4,3,2
Hatchlands,21/07/2022,15,H36,0,0,0
Hatchlands,21/07/2022,15,H37,0,0,6
Hatchlands,21/07/2022,15,H38,0,1,0
Hatchlands,21/07/2022,15,H39,0,2,0
Hatchlands,21/07/2022,15,H40,0,0,0
Hatchlands,21/07/2022,15,H41,0,0,0
Hatchlands,21/07/2022,15,H42,0,0,0
Hatchlands,21/07/2022,15,H43,0,3,0
Hatchlands,21/07/2022,15,H44,0,0,0
Hatchlands,21/07/2022,15,H45,0,0,1
Hatchlands,21/07/2022,15,H47,1,0,2
Hatchlands,21/07/2022,15,H49,0,1,0
Hatchlands,21/07/2022,15,H50,0,1,0
Hatchlands,21/07/2022,15,H51,0,0,2
Hatchlands,21/07/2022,15,H52,0,0,0
Hatchlands,21/07/2022,15,H53,0,0,0
Hatchlands,21/07/2022,15,H56,1,0,10
Hatchlands,21/07/2022,15,H57,0,1,2
Hatchlands,21/07/2022,15,H58,0,3,0
Hatchlands,21/07/2022,15,H59,1,0,0
Hatchlands,21/07/2022,15,H60,1,20+,0
Hatchlands,21/07/2022,15,H61,0,0,0
Hatchlands,21/07/2022,15,H63,0,0,1
Hatchlands,21/07/2022,15,H64,0,1,2
Hatchlands,21/07/2022,15,H65,1,0,3
Hatchlands,21/07/2022,15,H66,0,0,0
Hatchlands,21/07/2022,15,H67,0,0,0
Hatchlands,21/07/2022,15,H68,0,0,0
Hatchlands,21/07/2022,15,H69,0,0,0
Hatchlands,21/07/2022,15,H70,0,0,0
Hatchlands,21/07/2022,15,H71,2,0,2
Hatchlands,21/07/2022,15,H72,0,1,0
Hatchlands,21/07/2022,15,H73,0,0,0
Hatchlands,21/07/2022,15,H74,0,0,0
Hatchlands,21/07/2022,16,H13,0,1,0
Hatchlands,21/07/2022,16,H14,2,3,0
Hatchlands,21/07/2022,16,H15,0,0,0
Hatchlands,21/07/2022,16,H16,1,4,0
Hatchlands,21/07/2022,16,H17,3,1,0
Hatchlands,21/07/2022,16,H18,4,6,0
Hatchlands,21/07/2022,16,H19,0,1,12
Hatchlands,21/07/2022,16,H20,0,3,4
Hatchlands,21/07/2022,16,H21,5,4,0
Hatchlands,21/07/2022,16,H22,0,1,12
Hatchlands,21/07/2022,16,H23,0,3,4
Hatchlands,21/07/2022,16,H24,3,1,16
Hatchlands,21/07/2022,16,H25,0,2,10
Hatchlands,21/07/2022,16,H26,1,1,0
Hatchlands,21/07/2022,16,H27,2,1,0
Hatchlands,21/07/2022,16,H28,3,0,0
Hatchlands,21/07/2022,16,H29,0,2,4
Hatchlands,21/07/2022,16,H30,0,1,0
Hatchlands,21/07/2022,16,H31,0,2,0
Hatchlands,21/07/2022,16,H32,0,0,0
Hatchlands,21/07/2022,16,H33,0,0,0
Hatchlands,21/07/2022,16,H34,4,2,2
Hatchlands,21/07/2022,16,H36,0,0,0
Hatchlands,21/07/2022,16,H37,0,0,0
Hatchlands,21/07/2022,16,H38,0,1,0
Hatchlands,21/07/2022,16,H39,0,2,0
Hatchlands,21/07/2022,16,H40,0,0,0
Hatchlands,21/07/2022,16,H41,0,0,0
Hatchlands,21/07/2022,16,H42,0,0,0
Hatchlands,21/07/2022,16,H43,0,0,0
Hatchlands,21/07/2022,16,H44,0,0,0
Hatchlands,21/07/2022,16,H45,0,0,1
Hatchlands,21/07/2022,16,H47,1,0,2
Hatchlands,21/07/2022,16,H49,0,1,2
Hatchlands,21/07/2022,16,H50,0,1,0
Hatchlands,21/07/2022,16,H51,0,0,2
Hatchlands,21/07/2022,16,H52,0,0,0
Hatchlands,21/07/2022,16,H53,0,0,0
Hatchlands,21/07/2022,16,H56,1,0,11
Hatchlands,21/07/2022,16,H57,0,1,1
Hatchlands,21/07/2022,16,H58,0,3,0
Hatchlands,21/07/2022,16,H59,3,0,0
Hatchlands,21/07/2022,16,H60,0,20+,0
Hatchlands,21/07/2022,16,H61,0,0,0
Hatchlands,21/07/2022,16,H63,0,0,1
Hatchlands,21/07/2022,16,H64,0,1,2
Hatchlands,21/07/2022,16,H65,1,0,3
Hatchlands,21/07/2022,16,H66,0,0,2
Hatchlands,21/07/2022,16,H67,0,0,0
Hatchlands,21/07/2022,16,H68,0,3,0
Hatchlands,21/07/2022,16,H69,1,0,3
Hatchlands,21/07/2022,16,H70,0,0,0
Hatchlands,21/07/2022,16,H71,2,0,2
Hatchlands,21/07/2022,16,H72,0,1,0
Hatchlands,21/07/2022,16,H73,0,0,0
Hatchlands,21/07/2022,16,H74,0,0,10
Hatchlands,21/07/2022,5,H13,0,1,0
Hatchlands,21/07/2022,5,H14,2,3,0
Hatchlands,21/07/2022,5,H15,0,0,0
Hatchlands,21/07/2022,5,H16,1,4,0
Hatchlands,21/07/2022,5,H17,3,1,0
Hatchlands,21/07/2022,5,H18,7,4,0
Hatchlands,21/07/2022,5,H19,0,1,2
Hatchlands,21/07/2022,5,H20,0,1,8
Hatchlands,21/07/2022,5,H21,9,4,0
Hatchlands,21/07/2022,5,H22,0,1,12
Hatchlands,21/07/2022,5,H23,0,3,4
Hatchlands,21/07/2022,5,H24,3,1,10
Hatchlands,21/07/2022,5,H25,0,2,10
Hatchlands,21/07/2022,5,H26,1,1,0
Hatchlands,21/07/2022,5,H27,7,1,50+
Hatchlands,21/07/2022,5,H28,3,0,0
Hatchlands,21/07/2022,5,H29,0,2,4
Hatchlands,21/07/2022,5,H30,3,1,0
Hatchlands,21/07/2022,5,H31,0,0,0
Hatchlands,21/07/2022,5,H32,0,0,0
Hatchlands,21/07/2022,5,H33,0,0,0
Hatchlands,21/07/2022,5,H34,4,3,2
Hatchlands,21/07/2022,5,H36,0,0,0
Hatchlands,21/07/2022,5,H37,0,0,0
Hatchlands,21/07/2022,5,H38,0,1,0
Hatchlands,21/07/2022,5,H39,0,2,0
Hatchlands,21/07/2022,5,H40,0,0,0
Hatchlands,21/07/2022,5,H41,0,0,0
Hatchlands,21/07/2022,5,H42,0,0,0
Hatchlands,21/07/2022,5,H43,0,0,0
Hatchlands,21/07/2022,5,H44,0,0,0
Hatchlands,21/07/2022,5,H45,0,0,1
Hatchlands,21/07/2022,5,H47,1,0,1
Hatchlands,21/07/2022,5,H49,0,1,0
Hatchlands,21/07/2022,5,H50,0,1,0
Hatchlands,21/07/2022,5,H51,0,0,0
Hatchlands,21/07/2022,5,H52,0,0,0
Hatchlands,21/07/2022,5,H53,0,0,0
Hatchlands,21/07/2022,5,H56,1,0,1
Hatchlands,21/07/2022,5,H57,0,1,0
Hatchlands,21/07/2022,5,H58,0,3,0
Hatchlands,21/07/2022,5,H59,5,0,0
Hatchlands,21/07/2022,5,H60,0,20+,0
Hatchlands,21/07/2022,5,H61,0,0,0
Hatchlands,21/07/2022,5,H63,0,0,1
Hatchlands,21/07/2022,5,H64,0,1,2
Hatchlands,21/07/2022,5,H65,1,0,0
Hatchlands,21/07/2022,5,H66,0,0,0
Hatchlands,21/07/2022,5,H67,0,1,1
Hatchlands,21/07/2022,5,H68,0,0,0
Hatchlands,21/07/2022,5,H69,0,0,0
Hatchlands,21/07/2022,5,H70,0,0,0
Hatchlands,21/07/2022,5,H71,2,0,1
Hatchlands,21/07/2022,5,H72,0,1,6
Hatchlands,21/07/2022,5,H73,0,0,0
Hatchlands,21/07/2022,5,H74,0,0,0
Hatchlands,21/07/2022,9,H1,1,0,0
Hatchlands,21/07/2022,9,H2,0,0,0
Hatchlands,21/07/2022,9,H3,0,0,0
Hatchlands,21/07/2022,9,H4,5,0,0
Hatchlands,21/07/2022,9,H5,0,0,0
Hatchlands,21/07/2022,9,H6,0,1,0
Hatchlands,21/07/2022,9,H7,0,0,0
Hatchlands,21/07/2022,9,H8,0,0,0
Hatchlands,21/07/2022,9,H9,1,0,0
Hatchlands,21/07/2022,9,H10,0,0,20+
Hatchlands,21/07/2022,9,H11,4,0,0
Hatchlands,21/07/2022,9,H12,1,0,0
Hatchlands,21/07/2022,9,H13,0,0,0
Hatchlands,21/07/2022,9,H14,0,0,0
Hatchlands,21/07/2022,9,H15,0,0,0
Hatchlands,21/07/2022,9,H16,0,0,0
Hatchlands,21/07/2022,9,H17,0,0,0
Hatchlands,21/07/2022,9,H18,5,0,2
Hatchlands,21/07/2022,9,H19,0,0,0
Hatchlands,21/07/2022,9,H20,0,0,0
Hatchlands,21/07/2022,9,H21,6,0,0
Hatchlands,21/07/2022,9,H22,0,0,0
Hatchlands,21/07/2022,9,H23,0,0,0
Hatchlands,21/07/2022,9,H24,0,0,0
Hatchlands,21/07/2022,9,H25,0,0,0
Hatchlands,21/07/2022,9,H26,0,0,0
Hatchlands,21/07/2022,9,H27,2,0,0
Hatchlands,21/07/2022,9,H28,4,0,0
Hatchlands,21/07/2022,9,H29,0,0,0
Hatchlands,21/07/2022,9,H30,0,0,0
Hatchlands,21/07/2022,9,H31,0,0,0
Hatchlands,21/07/2022,9,H32,0,0,0
Hatchlands,21/07/2022,9,H33,0,0,0
Hatchlands,21/07/2022,9,H34,0,0,0
Hatchlands,21/07/2022,9,H35,0,0,0
Hatchlands,21/07/2022,9,H36,0,0,0
Hatchlands,21/07/2022,9,H37,0,0,0
Hatchlands,21/07/2022,9,H38,0,0,0
Hatchlands,21/07/2022,9,H39,2,0,0
Hatchlands,21/07/2022,9,H40,0,0,0
Hatchlands,21/07/2022,9,H41,0,0,0
Hatchlands,21/07/2022,9,H42,0,0,0
Hatchlands,21/07/2022,9,H43,0,0,0
Hatchlands,21/07/2022,9,H44,2,0,0
Hatchlands,21/07/2022,9,H45,0,0,0
Hatchlands,21/07/2022,9,H46,0,0,0
Hatchlands,21/07/2022,9,H47,2,0,0
Hatchlands,21/07/2022,9,H48,2,0,0
Hatchlands,21/07/2022,9,H49,1,0,0
Hatchlands,21/07/2022,9,H50,0,0,0
Hatchlands,21/07/2022,9,H51,0,0,0
Hatchlands,21/07/2022,9,H52,0,0,0
Hatchlands,21/07/2022,9,H53,0,0,0
Hatchlands,21/07/2022,9,H54,0,0,0
Hatchlands,21/07/2022,9,H55,0,0,0
Hatchlands,21/07/2022,9,H56,0,2,0
Hatchlands,21/07/2022,9,H57,0,0,0
Hatchlands,21/07/2022,9,H58,3,0,1
Hatchlands,21/07/2022,9,H59,1,0,0
Hatchlands,21/07/2022,9,H60,0,0,0
Hatchlands,21/07/2022,9,H61,0,0,0
Hatchlands,21/07/2022,9,H62,0,0,0
Hatchlands,21/07/2022,9,H63,0,0,0
Hatchlands,21/07/2022,9,H64,0,0,0
Hatchlands,21/07/2022,9,H65,0,0,0
Hatchlands,21/07/2022,9,H66,5,0,0
Hatchlands,21/07/2022,9,H67,0,0,0
Hatchlands,21/07/2022,9,H68,1,0,0
Hatchlands,21/07/2022,9,H69,2,0,0
Hatchlands,21/07/2022,9,H70,0,0,0
Hatchlands,21/07/2022,9,H71,2,0,0
Hatchlands,21/07/2022,9,H72,0,0,0
Hatchlands,21/07/2022,9,H73,0,0,0
Hatchlands,21/07/2022,9,H74,0,0,5
Hatchlands,21/07/2022,9,H75,0,0,0
Hatchlands,21/07/2022,14,H1,2,0,0
Hatchlands,21/07/2022,14,H2,0,4,0
Hatchlands,21/07/2022,14,H3,0,0,2
Hatchlands,21/07/2022,14,H4,16,5,0
Hatchlands,21/07/2022,14,H5,2,0,0
Hatchlands,21/07/2022,14,H6,0,0,0
Hatchlands,21/07/2022,14,H7,0,1,0
Hatchlands,21/07/2022,14,H8,1,0,1
Hatchlands,21/07/2022,14,H9,11,0,0
Hatchlands,21/07/2022,14,H10,0,0,50
Hatchlands,21/07/2022,14,H11,5,0,0
Hatchlands,21/07/2022,14,H12,0,0,0
Hatchlands,21/07/2022,14,H13,0,0,0
Hatchlands,21/07/2022,14,H14,0,0,0
Hatchlands,21/07/2022,14,H15,0,1,8
Hatchlands,21/07/2022,14,H16,0,0,0
Hatchlands,21/07/2022,14,H17,0,0,0
Hatchlands,21/07/2022,14,H18,7,9,2
Hatchlands,21/07/2022,14,H19,0,1,0
Hatchlands,21/07/2022,14,H20,0,0,0
Hatchlands,21/07/2022,14,H21,16,3,0
Hatchlands,21/07/2022,14,H22,0,0,0
Hatchlands,21/07/2022,14,H23,0,0,0
Hatchlands,21/07/2022,14,H24,0,0,0
Hatchlands,21/07/2022,14,H25,0,0,0
Hatchlands,21/07/2022,14,H26,7,8,0
Hatchlands,21/07/2022,14,H27,1,1,0
Hatchlands,21/07/2022,14,H36,0,0,0
Hatchlands,21/07/2022,14,H37,0,0,0
Hatchlands,21/07/2022,14,H38,0,0,0
Hatchlands,21/07/2022,14,H39,2,1,0
Hatchlands,21/07/2022,14,H40,0,1,0
Hatchlands,21/07/2022,14,H41,0,0,0
Hatchlands,21/07/2022,14,H42,0,0,0
Hatchlands,21/07/2022,14,H43,5,3,0
Hatchlands,21/07/2022,14,H44,0,0,4
Hatchlands,21/07/2022,14,H45,1,1,0
Hatchlands,21/07/2022,14,H46,0,0,0
Hatchlands,21/07/2022,14,H47,0,0,0
Hatchlands,21/07/2022,14,H48,4,0,0
Hatchlands,21/07/2022,14,H49,1,2,0
Hatchlands,21/07/2022,14,H50,1,5,0
Hatchlands,21/07/2022,14,H51,0,0,0
Hatchlands,21/07/2022,14,H52,0,1,0
Hatchlands,21/07/2022,14,H53,1,0,0
Hatchlands,21/07/2022,14,H54,0,0,0
Hatchlands,21/07/2022,14,H55,0,0,0
Hatchlands,21/07/2022,14,H56,0,1,0
Hatchlands,21/07/2022,14,H57,0,0,0
Hatchlands,21/07/2022,14,H58,3,1,0
Hatchlands,21/07/2022,14,H59,0,0,0
Hatchlands,21/07/2022,14,H60,0,0,0
Hatchlands,21/07/2022,14,H61,0,0,0
Hatchlands,21/07/2022,14,H62,0,0,0
Hatchlands,21/07/2022,14,H63,0,0,0
Hatchlands,21/07/2022,14,H64,0,0,0
Hatchlands,21/07/2022,14,H65,0,1,0
Hatchlands,21/07/2022,14,H66,5,3,5
Hatchlands,21/07/2022,14,H67,1,0,0
Hatchlands,21/07/2022,14,H68,0,3,0
Hatchlands,21/07/2022,14,H69,0,1,0
Hatchlands,21/07/2022,14,H70,0,0,0
Hatchlands,21/07/2022,14,H71,1,4,0
Hatchlands,21/07/2022,14,H72,0,0,0
Hatchlands,21/07/2022,14,H73,0,2,0
Hatchlands,21/07/2022,14,H74,0,1,9
Hatchlands,21/07/2022,14,H75,0,0,0
Hatchlands,21/07/2022,14,H421,5,3,0
Hatchlands,21/07/2022,11,H1,0,1,0
Hatchlands,21/07/2022,11,H2,0,1,0
Hatchlands,21/07/2022,11,H3,0,0,0
Hatchlands,21/07/2022,11,H4,7,1,0
Hatchlands,21/07/2022,11,H5,0,1,0
Hatchlands,21/07/2022,11,H6,0,0,0
Hatchlands,21/07/2022,11,H7,0,0,0
Hatchlands,21/07/2022,11,H8,1,0,0
Hatchlands,21/07/2022,11,H9,0,0,0
Hatchlands,21/07/2022,11,H10,2,3,20+
Hatchlands,21/07/2022,11,H11,1,1,0
Hatchlands,21/07/2022,11,H12,0,0,0
Hatchlands,21/07/2022,11,H13,0,0,0
Hatchlands,21/07/2022,11,H14,0,0,0
Hatchlands,21/07/2022,11,H15,0,3,20+
Hatchlands,21/07/2022,11,H16,0,2,0
Hatchlands,21/07/2022,11,H17,0,0,2
Hatchlands,21/07/2022,11,H18,1,0,0
Hatchlands,21/07/2022,11,H19,0,2,0
Hatchlands,21/07/2022,11,H20,0,0,0
Hatchlands,21/07/2022,11,H21,7,4,0
Hatchlands,21/07/2022,11,H22,0,0,0
Hatchlands,21/07/2022,11,H23,0,0,0
Hatchlands,21/07/2022,11,H24,0,0,0
Hatchlands,21/07/2022,11,H25,0,0,0
Hatchlands,21/07/2022,11,H26,0,1,0
Hatchlands,21/07/2022,11,H27,0,0,0
Hatchlands,21/07/2022,11,H28,0,0,0
Hatchlands,21/07/2022,11,H29,0,0,0
Hatchlands,21/07/2022,11,H30,0,0,0
Hatchlands,21/07/2022,11,H31,0,0,0
Hatchlands,21/07/2022,11,H32,0,0,0
Hatchlands,21/07/2022,11,H33,0,0,0
Hatchlands,21/07/2022,11,H34,0,0,0
Hatchlands,21/07/2022,11,H35,0,0,0
Hatchlands,21/07/2022,11,H36,0,0,0
Hatchlands,21/07/2022,11,H37,0,0,0
Hatchlands,21/07/2022,11,H38,0,0,0
Hatchlands,21/07/2022,11,H39,1,0,0
Hatchlands,21/07/2022,11,H40,0,0,0
Hatchlands,21/07/2022,11,H41,0,0,0
Hatchlands,21/07/2022,11,H42,0,0,0
Hatchlands,21/07/2022,11,H43,0,0,0
Hatchlands,21/07/2022,11,H44,0,0,0
Hatchlands,21/07/2022,11,H45,0,0,0
Hatchlands,21/07/2022,11,H46,0,0,0
Hatchlands,21/07/2022,11,H47,2,0,0
Hatchlands,21/07/2022,11,H48,0,0,0
Hatchlands,21/07/2022,11,H49,1,0,0
Hatchlands,21/07/2022,11,H50,0,2,0
Hatchlands,21/07/2022,11,H51,0,0,0
Hatchlands,21/07/2022,11,H52,0,0,0
Hatchlands,21/07/2022,11,H53,0,0,0
Hatchlands,21/07/2022,11,H54,0,0,0
Hatchlands,21/07/2022,11,H55,0,0,0
Hatchlands,21/07/2022,11,H56,0,3,0
Hatchlands,21/07/2022,11,H57,0,0,0
Hatchlands,21/07/2022,11,H58,2,0,0
Hatchlands,21/07/2022,11,H59,0,1,0
Hatchlands,21/07/2022,11,H60,0,0,10
Hatchlands,21/07/2022,11,H61,0,0,0
Hatchlands,21/07/2022,11,H62,0,0,0
Hatchlands,21/07/2022,11,H63,0,0,0
Hatchlands,21/07/2022,11,H64,0,0,0
Hatchlands,21/07/2022,11,H65,0,0,0
Hatchlands,21/07/2022,11,H66,0,2,0
Hatchlands,21/07/2022,11,H67,0,0,0
Hatchlands,21/07/2022,11,H68,0,1,0
Hatchlands,21/07/2022,11,H69,0,2,0
Hatchlands,21/07/2022,11,H70,0,0,0
Hatchlands,21/07/2022,11,H71,0,0,0
Hatchlands,21/07/2022,11,H72,0,0,0
Hatchlands,21/07/2022,11,H73,0,0,0
Hatchlands,21/07/2022,11,H74,0,0,0
Hatchlands,21/07/2022,11,H75,0,0,0
Hatchlands,21/07/2022,4,H1,0,0,0
Hatchlands,21/07/2022,4,H2,0,0,0
Hatchlands,21/07/2022,4,H3,0,0,0
Hatchlands,21/07/2022,4,H4,8,1,0
Hatchlands,21/07/2022,4,H5,0,0,0
Hatchlands,21/07/2022,4,H6,0,0,0
Hatchlands,21/07/2022,4,H7,0,0,0
Hatchlands,21/07/2022,4,H8,0,0,0
Hatchlands,21/07/2022,4,H9,2,0,0
Hatchlands,21/07/2022,4,H10,0,0,50+
Hatchlands,21/07/2022,4,H11,1,0,0
Hatchlands,21/07/2022,4,H12,0,0,0
Hatchlands,21/07/2022,4,H13,0,1,0
Hatchlands,21/07/2022,4,H14,0,0,0
Hatchlands,21/07/2022,4,H15,0,0,0
Hatchlands,21/07/2022,4,H16,0,2,0
Hatchlands,21/07/2022,4,H17,0,0,0
Hatchlands,21/07/2022,4,H18,5,0,0
Hatchlands,21/07/2022,4,H19,0,0,0
Hatchlands,21/07/2022,4,H20,0,0,0
Hatchlands,21/07/2022,4,H21,5,0,0
Hatchlands,21/07/2022,4,H22,0,0,0
Hatchlands,21/07/2022,4,H23,0,0,0
Hatchlands,21/07/2022,4,H24,0,0,0
Hatchlands,21/07/2022,4,H25,0,0,0
Hatchlands,21/07/2022,4,H26,1,1,0
Hatchlands,21/07/2022,4,H27,5,0,0
Hatchlands,21/07/2022,4,H28,0,0,0
Hatchlands,21/07/2022,4,H29,0,0,0
Hatchlands,21/07/2022,4,H30,5,1,0
Hatchlands,21/07/2022,4,H31,1,0,0
Hatchlands,21/07/2022,4,H32,0,1,0
Hatchlands,21/07/2022,4,H33,0,1,0
Hatchlands,21/07/2022,4,H34,0,0,0
Hatchlands,21/07/2022,4,H35,0,0,0
Hatchlands,21/07/2022,4,H36,0,0,0
Hatchlands,21/07/2022,4,H37,0,0,0
Hatchlands,21/07/2022,4,H38,0,0,0
Hatchlands,21/07/2022,4,H39,2,0,0
Hatchlands,21/07/2022,4,H40,0,0,0
Hatchlands,21/07/2022,4,H41,0,1,0
Hatchlands,21/07/2022,4,H42,0,2,0
Hatchlands,21/07/2022,4,H43,0,0,0
Hatchlands,21/07/2022,4,H44,0,1,0
Hatchlands,21/07/2022,4,H45,0,0,0
Hatchlands,21/07/2022,4,H46,0,0,0
Hatchlands,21/07/2022,4,H47,2,0,0
Hatchlands,21/07/2022,4,H48,0,0,0
Hatchlands,21/07/2022,4,H49,1,0,0
Hatchlands,21/07/2022,4,H50,0,2,0
Hatchlands,21/07/2022,4,H51,0,0,0
Hatchlands,21/07/2022,4,H52,0,1,0
Hatchlands,21/07/2022,4,H53,0,0,0
Hatchlands,21/07/2022,4,H54,0,0,0
Hatchlands,21/07/2022,4,H55,0,0,0
Hatchlands,21/07/2022,4,H56,0,5,0
Hatchlands,21/07/2022,4,H57,0,0,0
Hatchlands,21/07/2022,4,H58,4,1,0
Hatchlands,21/07/2022,4,H59,0,5,0
Hatchlands,21/07/2022,4,H60,0,0,0
Hatchlands,21/07/2022,4,H61,0,0,0
Hatchlands,21/07/2022,4,H62,0,0,0
Hatchlands,21/07/2022,4,H63,0,0,0
Hatchlands,21/07/2022,4,H64,0,0,0
Hatchlands,21/07/2022,4,H65,0,1,0
Hatchlands,21/07/2022,4,H66,2,0,0
Hatchlands,21/07/2022,4,H67,0,0,0
Hatchlands,21/07/2022,4,H68,1,0,0
Hatchlands,21/07/2022,4,H69,0,1,0
Hatchlands,21/07/2022,4,H70,0,0,0
Hatchlands,21/07/2022,4,H71,0,0,0
Hatchlands,21/07/2022,4,H72,0,0,0
Hatchlands,21/07/2022,4,H73,0,1,0
Hatchlands,21/07/2022,4,H74,0,0,5
Hatchlands,21/07/2022,4,H75,0,0,0
Hatchlands,21/07/2022,8,H9,5,0,0
Hatchlands,21/07/2022,8,H10,0,0,50+
Hatchlands,21/07/2022,8,H6,0,0,0
Hatchlands,21/07/2022,8,H5,2,0,0
Hatchlands,21/07/2022,8,H4,10,6,0
Hatchlands,21/07/2022,8,H3,0,0,1
Hatchlands,21/07/2022,8,H2,0,6,0
Hatchlands,21/07/2022,8,H1,1,20+,20+
Hatchlands,21/07/2022,8,H24,0,0,0
Hatchlands,21/07/2022,8,H23,0,4,0
Hatchlands,21/07/2022,8,H22,0,0,0
Hatchlands,21/07/2022,8,H21,11,0,0
Hatchlands,21/07/2022,8,H20,0,5,0
Hatchlands,21/07/2022,8,H19,0,0,0
Hatchlands,21/07/2022,8,H18,8,6,0
Hatchlands,21/07/2022,8,H13,0,0,0
Hatchlands,21/07/2022,8,H14,4,0,0
Hatchlands,21/07/2022,8,H16,0,0,0
Hatchlands,21/07/2022,8,H15,0,2,0
Hatchlands,21/07/2022,8,H11,4,20+,0
Hatchlands,21/07/2022,8,H12,1,1,0
Hatchlands,21/07/2022,8,H8,2,0,0
Hatchlands,21/07/2022,8,H7,0,0,0
Hatchlands,21/07/2022,8,H17,0,0,0
Hatchlands,21/07/2022,8,H25,0,20+,0
Hatchlands,21/07/2022,8,H26,0,1,0
Hatchlands,21/07/2022,8,H27,10,0,20+
Hatchlands,21/07/2022,8,H28,0,6,0
Hatchlands,21/07/2022,8,H29,0,20+,0
Hatchlands,21/07/2022,8,H30,0,0,0
Hatchlands,21/07/2022,8,H31,0,0,0
Hatchlands,21/07/2022,8,H32,0,0,0
Hatchlands,21/07/2022,8,H33,0,1,0
Hatchlands,21/07/2022,8,H34,0,2,0
Hatchlands,21/07/2022,8,H35,1,1,0
Hatchlands,21/07/2022,8,H36,0,0,0
Hatchlands,21/07/2022,8,H37,0,0,0
Hatchlands,21/07/2022,8,H38,0,0,0
Hatchlands,21/07/2022,8,H39,1,0,0
Hatchlands,21/07/2022,8,H40,0,0,0
Hatchlands,21/07/2022,8,H41,0,1,0
Hatchlands,21/07/2022,8,H42,0,0,0
Hatchlands,21/07/2022,8,H43,0,0,0
Hatchlands,21/07/2022,8,H44,0,1,0
Hatchlands,21/07/2022,8,H45,0,0,0
Hatchlands,21/07/2022,8,H46,0,0,0
Hatchlands,21/07/2022,8,H47,2,0,0
Hatchlands,21/07/2022,8,H48,0,0,0
Hatchlands,21/07/2022,8,H49,0,3,0
Hatchlands,21/07/2022,8,H50,0,0,0
Hatchlands,21/07/2022,8,H51,0,0,0
Hatchlands,21/07/2022,8,H52,0,0,0
Hatchlands,21/07/2022,8,H53,3,0,0
Hatchlands,21/07/2022,8,H54,0,0,0
Hatchlands,21/07/2022,8,H55,0,0,0
Hatchlands,21/07/2022,8,H56,0,0,0
Hatchlands,21/07/2022,8,H57,0,0,0
Hatchlands,21/07/2022,8,H58,2,0,0
Hatchlands,21/07/2022,8,H59,4,1,0
Hatchlands,21/07/2022,8,H60,0,20+,4
Hatchlands,21/07/2022,8,H61,0,0,0
Hatchlands,21/07/2022,8,H62,0,0,0
Hatchlands,21/07/2022,8,H63,0,0,0
Hatchlands,21/07/2022,8,H64,0,0,0
Hatchlands,21/07/2022,8,H65,0,0,0
Hatchlands,21/07/2022,8,H66,6,2,0
Hatchlands,21/07/2022,8,H67,0,0,0
Hatchlands,21/07/2022,8,H68,0,0,0
Hatchlands,21/07/2022,8,H69,0,1,0
Hatchlands,21/07/2022,8,H70,0,0,0
Hatchlands,21/07/2022,8,H71,0,0,0
Hatchlands,21/07/2022,8,H72,0,0,0
Hatchlands,21/07/2022,8,H73,0,0,0
Hatchlands,21/07/2022,8,H74,0,5,0
Hatchlands,21/07/2022,8,H75,0,0,0
Hatchlands,21/07/2022,8,H421,0,0,0
Hatchlands,21/07/2022,7,H1,1,20+,20+
Hatchlands,21/07/2022,7,H2,0,2,0
Hatchlands,21/07/2022,7,H3,0,0,0
Hatchlands,21/07/2022,7,H4,10,5,0
Hatchlands,21/07/2022,7,H5,2,0,0
Hatchlands,21/07/2022,7,H6,0,0,0
Hatchlands,21/07/2022,7,H7,0,0,0
Hatchlands,21/07/2022,7,H8,9,0,0
Hatchlands,21/07/2022,7,H9,2,10,0
Hatchlands,21/07/2022,7,H10,0,20+,20+
Hatchlands,21/07/2022,7,H11,6,20+,0
Hatchlands,21/07/2022,7,H12,1,1,0
Hatchlands,21/07/2022,7,H13,0,0,0
Hatchlands,21/07/2022,7,H14,4,0,0
Hatchlands,21/07/2022,7,H15,0,0,0
Hatchlands,21/07/2022,7,H16,0,0,0
Hatchlands,21/07/2022,7,H17,1,0,0
Hatchlands,21/07/2022,7,H18,13,5,0
Hatchlands,21/07/2022,7,H19,0,0,0
Hatchlands,21/07/2022,7,H20,0,20+,0
Hatchlands,21/07/2022,7,H21,12,0,0
Hatchlands,21/07/2022,7,H22,0,2,0
Hatchlands,21/07/2022,7,H23,0,2,0
Hatchlands,21/07/2022,7,H24,0,0,0
Hatchlands,21/07/2022,7,H25,0,20+,0
Hatchlands,21/07/2022,7,H26,1,0,0
Hatchlands,21/07/2022,7,H27,10,20+,0
Hatchlands,21/07/2022,7,H28,0,7,0
Hatchlands,21/07/2022,7,H29,0,20+,0
Hatchlands,21/07/2022,7,H30,0,0,0
Hatchlands,21/07/2022,7,H31,0,0,0
Hatchlands,21/07/2022,7,H32,0,0,0
Hatchlands,21/07/2022,7,H33,0,1,0
Hatchlands,21/07/2022,7,H34,0,2,0
Hatchlands,21/07/2022,7,H35,1,2,0
Hatchlands,21/07/2022,7,H36,0,0,0
Hatchlands,21/07/2022,7,H37,0,0,0
Hatchlands,21/07/2022,7,H38,0,0,0
Hatchlands,21/07/2022,7,H39,1,0,0
Hatchlands,21/07/2022,7,H40,0,0,0
Hatchlands,21/07/2022,7,H41,0,1,0
Hatchlands,21/07/2022,7,H42,0,0,0
Hatchlands,21/07/2022,7,H43,0,0,0
Hatchlands,21/07/2022,7,H44,0,1,0
Hatchlands,21/07/2022,7,H45,0,0,0
Hatchlands,21/07/2022,7,H46,0,0,0
Hatchlands,21/07/2022,7,H47,2,0,0
Hatchlands,21/07/2022,7,H48,0,3,0
Hatchlands,21/07/2022,7,H49,0,0,0
Hatchlands,21/07/2022,7,H50,0,3,0
Hatchlands,21/07/2022,7,H51,0,0,0
Hatchlands,21/07/2022,7,H52,0,0,0
Hatchlands,21/07/2022,7,H53,0,0,0
Hatchlands,21/07/2022,7,H54,0,0,0
Hatchlands,21/07/2022,7,H55,0,0,0
Hatchlands,21/07/2022,7,H56,0,0,0
Hatchlands,21/07/2022,7,H57,0,0,0
Hatchlands,21/07/2022,7,H58,2,0,0
Hatchlands,21/07/2022,7,H59,3,1,0
Hatchlands,21/07/2022,7,H60,0,20+,4
Hatchlands,21/07/2022,7,H61,0,0,0
Hatchlands,21/07/2022,7,H62,0,0,0
Hatchlands,21/07/2022,7,H63,0,0,0
Hatchlands,21/07/2022,7,H64,0,0,0
Hatchlands,21/07/2022,7,H65,0,1,0
Hatchlands,21/07/2022,7,H66,6,2,0
Hatchlands,21/07/2022,7,H67,0,0,0
Hatchlands,21/07/2022,7,H68,0,0,0
Hatchlands,21/07/2022,7,H69,0,1,0
Hatchlands,21/07/2022,7,H70,0,0,0
Hatchlands,21/07/2022,7,H71,0,0,0
Hatchlands,21/07/2022,7,H72,0,2,0
Hatchlands,21/07/2022,7,H73,0,0,0
Hatchlands,21/07/2022,7,H74,0,0,3
Hatchlands,21/07/2022,7,H75,0,0,0
Hatchlands,21/07/2022,7,H421,0,0,0
Hatchlands,21/07/2022,6,H1,1,0,0
Hatchlands,21/07/2022,6,H2,0,0,0
Hatchlands,21/07/2022,6,H3,0,0,0
Hatchlands,21/07/2022,6,H4,8,0,0
Hatchlands,21/07/2022,6,H5,0,0,0
Hatchlands,21/07/2022,6,H6,0,0,0
Hatchlands,21/07/2022,6,H7,0,0,0
Hatchlands,21/07/2022,6,H8,2,0,0
Hatchlands,21/07/2022,6,H9,10,1,0
Hatchlands,21/07/2022,6,H10,0,1,50+
Hatchlands,21/07/2022,6,H11,3,3,0
Hatchlands,21/07/2022,6,H12,0,0,0
Hatchlands,21/07/2022,6,H13,0,0,0
Hatchlands,21/07/2022,6,H14,0,3,0
Hatchlands,21/07/2022,6,H15,0,2,20+
Hatchlands,21/07/2022,6,H16,0,0,0
Hatchlands,21/07/2022,6,H17,0,0,0
Hatchlands,21/07/2022,6,H18,5,2,0
Hatchlands,21/07/2022,6,H19,0,0,0
Hatchlands,21/07/2022,6,H20,0,0,0
Hatchlands,21/07/2022,6,H21,6,0,0
Hatchlands,21/07/2022,6,H22,0,0,0
Hatchlands,21/07/2022,6,H23,0,0,0
Hatchlands,21/07/2022,6,H24,0,0,0
Hatchlands,21/07/2022,6,H25,0,2,0
Hatchlands,21/07/2022,6,H26,0,0,0
Hatchlands,21/07/2022,6,H27,0,0,0
Hatchlands,21/07/2022,6,H28,0,0,0
Hatchlands,21/07/2022,6,H36,0,0,0
Hatchlands,21/07/2022,6,H37,0,0,0
Hatchlands,21/07/2022,6,H38,0,0,0
Hatchlands,21/07/2022,6,H39,0,0,0
Hatchlands,21/07/2022,6,H40,0,0,0
Hatchlands,21/07/2022,6,H41,0,0,0
Hatchlands,21/07/2022,6,H42,0,0,0
Hatchlands,21/07/2022,6,H43,0,0,0
Hatchlands,21/07/2022,6,H44,0,1,0
Hatchlands,21/07/2022,6,H45,0,0,0
Hatchlands,21/07/2022,6,H46,0,0,0
Hatchlands,21/07/2022,6,H47,2,0,0
Hatchlands,21/07/2022,6,H48,2,0,0
Hatchlands,21/07/2022,6,H49,1,0,0
Hatchlands,21/07/2022,6,H50,0,2,0
Hatchlands,21/07/2022,6,H51,0,0,0
Hatchlands,21/07/2022,6,H52,0,0,0
Hatchlands,21/07/2022,6,H53,0,0,0
Hatchlands,21/07/2022,6,H54,0,0,0
Hatchlands,21/07/2022,6,H55,0,0,0
Hatchlands,21/07/2022,6,H56,0,5,0
Hatchlands,21/07/2022,6,H57,0,0,0
Hatchlands,21/07/2022,6,H58,2,0,0
Hatchlands,21/07/2022,6,H59,0,5,0
Hatchlands,21/07/2022,6,H60,0,2,20+
Hatchlands,21/07/2022,6,H61,0,1,0
Hatchlands,21/07/2022,6,H62,0,0,0
Hatchlands,21/07/2022,6,H63,0,0,0
Hatchlands,21/07/2022,6,H64,0,0,0
Hatchlands,21/07/2022,6,H65,0,1,0
Hatchlands,21/07/2022,6,H66,1,1,0
Hatchlands,21/07/2022,6,H67,0,0,0
Hatchlands,21/07/2022,6,H68,0,1,0
Hatchlands,21/07/2022,6,H69,0,0,0
Hatchlands,21/07/2022,6,H70,0,0,0
Hatchlands,21/07/2022,6,H71,1,0,0
Hatchlands,21/07/2022,6,H72,0,0,0
Hatchlands,21/07/2022,6,H73,0,2,0
Hatchlands,21/07/2022,6,H74,0,0,0
Hatchlands,21/07/2022,6,H75,0,0,0
Hatchlands,21/07/2022,6,H421,0,0,0
Hatchlands,21/07/2022,3,H1,1,0,0
Hatchlands,21/07/2022,3,H2,0,0,0
Hatchlands,21/07/2022,3,H3,0,0,0
Hatchlands,21/07/2022,3,H4,10,0,0
Hatchlands,21/07/2022,3,H5,0,0,0
Hatchlands,21/07/2022,3,H6,0,0,0
Hatchlands,21/07/2022,3,H7,0,0,0
Hatchlands,21/07/2022,3,H8,0,0,0
Hatchlands,21/07/2022,3,H9,0,0,0
Hatchlands,21/07/2022,3,H10,1,0,20+
Hatchlands,21/07/2022,3,H11,1,2,0
Hatchlands,21/07/2022,3,H12,1,1,0
Hatchlands,21/07/2022,3,H13,0,0,0
Hatchlands,21/07/2022,3,H14,0,0,0
Hatchlands,21/07/2022,3,H15,1,1,20+
Hatchlands,21/07/2022,3,H16,1,0,0
Hatchlands,21/07/2022,3,H17,1,0,0
Hatchlands,21/07/2022,3,H18,3,0,0
Hatchlands,21/07/2022,3,H19,2,1,0
Hatchlands,21/07/2022,3,H20,0,1,0
Hatchlands,21/07/2022,3,H21,12,0,0
Hatchlands,21/07/2022,3,H22,1,0,2
Hatchlands,21/07/2022,3,H23,1,0,0
Hatchlands,21/07/2022,3,H24,0,0,0
Hatchlands,21/07/2022,3,H25,0,0,0
Hatchlands,21/07/2022,3,H26,0,0,0
Hatchlands,21/07/2022,3,H27,4,0,0
Hatchlands,21/07/2022,3,H28,0,0,1
Hatchlands,21/07/2022,3,H29,0,0,0
Hatchlands,21/07/2022,3,H30,3,1,0
Hatchlands,21/07/2022,3,H31,1,0,0
Hatchlands,21/07/2022,3,H32,0,0,0
Hatchlands,21/07/2022,3,H33,0,0,0
Hatchlands,21/07/2022,3,H34,0,0,0
Hatchlands,21/07/2022,3,H35,0,0,0
Hatchlands,21/07/2022,3,H36,0,0,0
Hatchlands,21/07/2022,3,H37,0,0,0
Hatchlands,21/07/2022,3,H38,0,0,0
Hatchlands,21/07/2022,3,H39,2,0,0
Hatchlands,21/07/2022,3,H40,0,0,0
Hatchlands,21/07/2022,3,H41,0,0,0
Hatchlands,21/07/2022,3,H42,0,0,0
Hatchlands,21/07/2022,3,H43,0,0,0
Hatchlands,21/07/2022,3,H44,0,0,0
Hatchlands,21/07/2022,3,H45,0,0,0
Hatchlands,21/07/2022,3,H46,0,0,0
Hatchlands,21/07/2022,3,H47,2,0,0
Hatchlands,21/07/2022,3,H48,3,0,0
Hatchlands,21/07/2022,3,H49,1,0,0
Hatchlands,21/07/2022,3,H50,1,2,0
Hatchlands,21/07/2022,3,H51,0,0,0
Hatchlands,21/07/2022,3,H52,0,0,0
Hatchlands,21/07/2022,3,H53,0,0,0
Hatchlands,21/07/2022,3,H54,0,0,0
Hatchlands,21/07/2022,3,H55,0,0,0
Hatchlands,21/07/2022,3,H56,0,4,0
Hatchlands,21/07/2022,3,H57,1,0,0
Hatchlands,21/07/2022,3,H58,4,0,0
Hatchlands,21/07/2022,3,H59,1,6,0
Hatchlands,21/07/2022,3,H60,0,0,0
Hatchlands,21/07/2022,3,H61,0,1,0
Hatchlands,21/07/2022,3,H62,0,0,0
Hatchlands,21/07/2022,3,H63,1,0,0
Hatchlands,21/07/2022,3,H64,0,0,0
Hatchlands,21/07/2022,3,H65,0,0,0
Hatchlands,21/07/2022,3,H66,2,1,0
Hatchlands,21/07/2022,3,H67,0,0,0
Hatchlands,21/07/2022,3,H68,2,0,0
Hatchlands,21/07/2022,3,H69,0,0,0
Hatchlands,21/07/2022,3,H70,0,0,0
Hatchlands,21/07/2022,3,H71,0,0,0
Hatchlands,21/07/2022,3,H72,0,0,0
Hatchlands,21/07/2022,3,H73,0,0,0
Hatchlands,21/07/2022,3,H74,0,0,0
Hatchlands,21/07/2022,3,H75,0,0,0
Hatchlands,21/07/2022,2,H1,1,0,0
Hatchlands,21/07/2022,2,H2,0,0,0
Hatchlands,21/07/2022,2,H3,0,0,0
Hatchlands,21/07/2022,2,H4,11,9,0
Hatchlands,21/07/2022,2,H5,0,0,0
Hatchlands,21/07/2022,2,H6,0,0,0
Hatchlands,21/07/2022,2,H7,0,0,0
Hatchlands,21/07/2022,2,H8,0,0,0
Hatchlands,21/07/2022,2,H9,7,4,0
Hatchlands,21/07/2022,2,H10,3,11,20+
Hatchlands,21/07/2022,2,H11,3,3,0
Hatchlands,21/07/2022,2,H12,0,0,0
Hatchlands,21/07/2022,2,H13,0,0,0
Hatchlands,21/07/2022,2,H14,0,0,0
Hatchlands,21/07/2022,2,H15,0,0,2
Hatchlands,21/07/2022,2,H16,0,0,0
Hatchlands,21/07/2022,2,H17,1,0,0
Hatchlands,21/07/2022,2,H18,10,9,5
Hatchlands,21/07/2022,2,H19,0,0,0
Hatchlands,21/07/2022,2,H20,0,0,0
Hatchlands,21/07/2022,2,H21,14,0,0
Hatchlands,21/07/2022,2,H22,0,0,0
Hatchlands,21/07/2022,2,H23,0,0,0
Hatchlands,21/07/2022,2,H24,0,0,0
Hatchlands,21/07/2022,2,H25,0,0,0
Hatchlands,21/07/2022,2,H26,0,0,0
Hatchlands,21/07/2022,2,H27,5,0,0
Hatchlands,21/07/2022,2,H28,0,0,0
Hatchlands,21/07/2022,2,H29,0,0,0
Hatchlands,21/07/2022,2,H30,0,0,0
Hatchlands,21/07/2022,2,H31,0,0,0
Hatchlands,21/07/2022,2,H32,0,0,0
Hatchlands,21/07/2022,2,H33,0,0,0
Hatchlands,21/07/2022,2,H34,0,0,0
Hatchlands,21/07/2022,2,H35,0,0,0
Hatchlands,21/07/2022,2,H36,0,0,0
Hatchlands,21/07/2022,2,H37,0,0,0
Hatchlands,21/07/2022,2,H38,0,0,0
Hatchlands,21/07/2022,2,H39,1,1,0
Hatchlands,21/07/2022,2,H40,0,0,0
Hatchlands,21/07/2022,2,H41,0,0,0
Hatchlands,21/07/2022,2,H42,0,0,0
Hatchlands,21/07/2022,2,H43,0,0,0
Hatchlands,21/07/2022,2,H44,0,0,0
Hatchlands,21/07/2022,2,H45,0,0,0
Hatchlands,21/07/2022,2,H46,0,0,0
Hatchlands,21/07/2022,2,H47,2,0,0
Hatchlands,21/07/2022,2,H48,1,0,0
Hatchlands,21/07/2022,2,H49,0,0,0
Hatchlands,21/07/2022,2,H50,0,1,0
Hatchlands,21/07/2022,2,H51,0,0,0
Hatchlands,21/07/2022,2,H52,0,0,0
Hatchlands,21/07/2022,2,H53,0,0,0
Hatchlands,21/07/2022,2,H54,0,0,0
Hatchlands,21/07/2022,2,H55,1,1,0
Hatchlands,21/07/2022,2,H56,0,2,0
Hatchlands,21/07/2022,2,H57,0,0,0
Hatchlands,21/07/2022,2,H58,2,0,0
Hatchlands,21/07/2022,2,H59,3,1,0
Hatchlands,21/07/2022,2,H60,1,1,0
Hatchlands,21/07/2022,2,H61,0,1,0
Hatchlands,21/07/2022,2,H62,0,0,0
Hatchlands,21/07/2022,2,H63,2,0,0
Hatchlands,21/07/2022,2,H64,0,0,0
Hatchlands,21/07/2022,2,H65,0,0,0
Hatchlands,21/07/2022,2,H66,3,2,0
Hatchlands,21/07/2022,2,H67,0,0,0
Hatchlands,21/07/2022,2,H68,0,0,0
Hatchlands,21/07/2022,2,H69,0,0,0
Hatchlands,21/07/2022,2,H70,0,0,0
Hatchlands,21/07/2022,2,H71,0,0,0
Hatchlands,21/07/2022,2,H72,0,0,0
Hatchlands,21/07/2022,2,H73,1,0,0
Hatchlands,21/07/2022,2,H74,0,0,0
Hatchlands,21/07/2022,2,H75,0,0,0
Hatchlands,21/07/2022,1,H1,1,1,0
Hatchlands,21/07/2022,1,H3,0,1,0
Hatchlands,21/07/2022,1,H4,9,3,0
Hatchlands,21/07/2022,1,H5,0,0,0
Hatchlands,21/07/2022,1,H6,0,0,0
Hatchlands,21/07/2022,1,H7,0,0,0
Hatchlands,21/07/2022,1,H8,4,0,0
Hatchlands,21/07/2022,1,H9,3,1,0
Hatchlands,21/07/2022,1,H10,9,0,50+
Hatchlands,21/07/2022,1,H11,2,3,20+
Hatchlands,21/07/2022,1,H13,0,0,0
Hatchlands,21/07/2022,1,H14,9,0,0
Hatchlands,21/07/2022,1,H15,0,0,20+
Hatchlands,21/07/2022,1,H16,0,0,0
Hatchlands,21/07/2022,1,H17,0,0,0
Hatchlands,21/07/2022,1,H18,0,5,0
Hatchlands,21/07/2022,1,H19,0,0,0
Hatchlands,21/07/2022,1,H20,0,0,0
Hatchlands,21/07/2022,1,H21,13,0,0
Hatchlands,21/07/2022,1,H22,0,0,0
Hatchlands,21/07/2022,1,H23,0,0,0
Hatchlands,21/07/2022,1,H24,0,0,0
Hatchlands,21/07/2022,1,H25,0,0,0
Hatchlands,21/07/2022,1,H26,0,0,0
Hatchlands,21/07/2022,1,H27,2,0,0
Hatchlands,21/07/2022,1,H28,0,3,0
Hatchlands,21/07/2022,1,H29,0,0,0
Hatchlands,21/07/2022,1,H30,0,0,0
Hatchlands,21/07/2022,1,H31,0,0,0
Hatchlands,21/07/2022,1,H32,0,0,0
Hatchlands,21/07/2022,1,H33,0,0,0
Hatchlands,21/07/2022,1,H36,0,0,0
Hatchlands,21/07/2022,1,H37,0,0,0
Hatchlands,21/07/2022,1,H38,0,0,0
Hatchlands,21/07/2022,1,H39,0,0,0
Hatchlands,21/07/2022,1,H40,0,0,0
Hatchlands,21/07/2022,1,H41,0,0,0
Hatchlands,21/07/2022,1,H42,0,0,0
Hatchlands,21/07/2022,1,H43,0,0,0
Hatchlands,21/07/2022,1,H44,0,0,0
Hatchlands,21/07/2022,1,H45,0,0,0
Hatchlands,21/07/2022,1,H46,0,0,0
Hatchlands,21/07/2022,1,H47,2,0,0
Hatchlands,21/07/2022,1,H48,1,0,0
Hatchlands,21/07/2022,1,H49,0,0,0
Hatchlands,21/07/2022,1,H50,0,1,0
Hatchlands,21/07/2022,1,H51,0,0,0
Hatchlands,21/07/2022,1,H52,0,0,0
Hatchlands,21/07/2022,1,H53,0,0,0
Hatchlands,21/07/2022,1,H54,0,0,0
Hatchlands,21/07/2022,1,H55,0,0,0
Hatchlands,21/07/2022,1,H56,0,2,0
Hatchlands,21/07/2022,1,H57,0,0,0
Hatchlands,21/07/2022,1,H58,2,0,0
Hatchlands,21/07/2022,1,H59,1,1,0
Hatchlands,21/07/2022,1,H61,0,0,0
Hatchlands,21/07/2022,1,H62,0,0,0
Hatchlands,21/07/2022,1,H63,0,0,0
Hatchlands,21/07/2022,1,H64,0,0,0
Hatchlands,21/07/2022,1,H65,0,0,0
Hatchlands,21/07/2022,1,H66,1,1,0
Hatchlands,21/07/2022,1,H67,0,0,0
Hatchlands,21/07/2022,1,H68,0,0,0
Hatchlands,21/07/2022,1,H69,0,0,0
Hatchlands,21/07/2022,1,H70,0,0,0
Hatchlands,21/07/2022,1,H71,0,0,0
Hatchlands,21/07/2022,1,H72,0,0,0
Hatchlands,21/07/2022,1,H73,0,0,0
Hatchlands,21/07/2022,1,H74,0,0,0
Hatchlands,21/07/2022,1,H75,0,0,0
Hatchlands,02/08/2022,10,H1,1,0,0
Hatchlands,02/08/2022,10,H2,0,0,0
Hatchlands,02/08/2022,10,H3,0,0,0
Hatchlands,02/08/2022,10,H4,7,9,0
Hatchlands,02/08/2022,10,H5,0,0,0
Hatchlands,02/08/2022,10,H6,0,0,0
Hatchlands,02/08/2022,10,H7,0,0,0
Hatchlands,02/08/2022,10,H8,1,0,0
Hatchlands,02/08/2022,10,H9,3,0,0
Hatchlands,02/08/2022,10,H10,1,0,20+
Hatchlands,02/08/2022,10,H11,4,0,1
Hatchlands,02/08/2022,10,H12,0,0,0
Hatchlands,02/08/2022,10,H13,0,0,0
Hatchlands,02/08/2022,10,H14,1,0,0
Hatchlands,02/08/2022,10,H15,0,0,0
Hatchlands,02/08/2022,10,H16,0,0,0
Hatchlands,02/08/2022,10,H17,2,0,0
Hatchlands,02/08/2022,10,H18,2,1,0
Hatchlands,02/08/2022,10,H19,3,0,0
Hatchlands,02/08/2022,10,H20,0,1,0
Hatchlands,02/08/2022,10,H21,4,0,0
Hatchlands,02/08/2022,10,H22,2,0,1
Hatchlands,02/08/2022,10,H23,0,0,0
Hatchlands,02/08/2022,10,H24,0,0,0
Hatchlands,02/08/2022,10,H25,0,0,0
Hatchlands,02/08/2022,10,H26,0,0,0
Hatchlands,02/08/2022,10,H27,2,0,0
Hatchlands,02/08/2022,10,H28,0,0,0
Hatchlands,02/08/2022,10,H29,0,0,0
Hatchlands,02/08/2022,10,H30,2,0,0
Hatchlands,02/08/2022,10,H31,0,0,0
Hatchlands,02/08/2022,10,H32,0,0,0
Hatchlands,02/08/2022,10,H33,0,1,0
Hatchlands,02/08/2022,10,H34,1,0,0
Hatchlands,02/08/2022,10,H35,0,1,0
Hatchlands,02/08/2022,10,H36,0,0,0
Hatchlands,02/08/2022,10,H37,0,0,0
Hatchlands,02/08/2022,10,H38,0,0,0
Hatchlands,02/08/2022,10,H39,1,0,0
Hatchlands,02/08/2022,10,H40,0,0,0
Hatchlands,02/08/2022,10,H41,0,0,0
Hatchlands,02/08/2022,10,H42,0,0,0
Hatchlands,02/08/2022,10,H43,0,0,0
Hatchlands,02/08/2022,10,H45,0,0,0
Hatchlands,02/08/2022,10,H46,1,0,0
Hatchlands,02/08/2022,10,H47,1,0,0
Hatchlands,02/08/2022,10,H48,0,0,0
Hatchlands,02/08/2022,10,H50,0,0,0
Hatchlands,02/08/2022,10,H51,0,0,0
Hatchlands,02/08/2022,10,H52,0,0,0
Hatchlands,02/08/2022,10,H53,0,0,0
Hatchlands,02/08/2022,10,H54,0,1,0
Hatchlands,02/08/2022,10,H55,0,0,0
Hatchlands,02/08/2022,10,H56,0,1,0
Hatchlands,02/08/2022,10,H57,1,0,0
Hatchlands,02/08/2022,10,H58,2,0,0
Hatchlands,02/08/2022,10,H59,0,1,0
Hatchlands,02/08/2022,10,H60,2,0,0
Hatchlands,02/08/2022,10,H61,0,0,0
Hatchlands,02/08/2022,10,H62,0,0,0
Hatchlands,02/08/2022,10,H63,0,0,0
Hatchlands,02/08/2022,10,H64,0,0,0
Hatchlands,02/08/2022,10,H65,0,0,0
Hatchlands,02/08/2022,10,H66,2,0,0
Hatchlands,02/08/2022,10,H67,0,1,0
Hatchlands,02/08/2022,10,H68,0,0,0
Hatchlands,02/08/2022,10,H69,0,0,0
Hatchlands,02/08/2022,10,H70,0,0,0
Hatchlands,02/08/2022,10,H71,1,0,1
Hatchlands,02/08/2022,10,H72,0,0,0
Hatchlands,02/08/2022,10,H73,0,0,0
Hatchlands,02/08/2022,10,H74,0,0,0
Hatchlands,02/08/2022,10,H75,0,0,0
Hatchlands,02/08/2022,21,H1,1,0,0
Hatchlands,02/08/2022,21,H2,0,0,0
Hatchlands,02/08/2022,21,H3,0,0,0
Hatchlands,02/08/2022,21,H4,7,2,0
Hatchlands,02/08/2022,21,H5,0,0,0
Hatchlands,02/08/2022,21,H6,0,0,0
Hatchlands,02/08/2022,21,H7,0,0,0
Hatchlands,02/08/2022,21,H8,0,0,0
Hatchlands,02/08/2022,21,H9,1,0,0
Hatchlands,02/08/2022,21,H10,2,0,20+
Hatchlands,02/08/2022,21,H11,3,1,0
Hatchlands,02/08/2022,21,H12,0,0,0
Hatchlands,02/08/2022,21,H13,0,0,1
Hatchlands,02/08/2022,21,H14,1,2,0
Hatchlands,02/08/2022,21,H15,0,2,0
Hatchlands,02/08/2022,21,H16,0,0,0
Hatchlands,02/08/2022,21,H17,0,0,0
Hatchlands,02/08/2022,21,H18,3,3,0
Hatchlands,02/08/2022,21,H19,0,2,0
Hatchlands,02/08/2022,21,H20,0,0,0
Hatchlands,02/08/2022,21,H21,12,2,0
Hatchlands,02/08/2022,21,H22,0,0,0
Hatchlands,02/08/2022,21,H23,0,0,0
Hatchlands,02/08/2022,21,H24,0,0,0
Hatchlands,02/08/2022,21,H25,0,0,0
Hatchlands,02/08/2022,21,H26,0,0,0
Hatchlands,02/08/2022,21,H27,0,0,0
Hatchlands,02/08/2022,21,H28,2,0,0
Hatchlands,02/08/2022,21,H29,0,0,0
Hatchlands,02/08/2022,21,H30,0,0,0
Hatchlands,02/08/2022,21,H31,0,0,0
Hatchlands,02/08/2022,21,H32,0,0,0
Hatchlands,02/08/2022,21,H33,0,0,0
Hatchlands,02/08/2022,21,H34,0,0,0
Hatchlands,02/08/2022,21,H35,1,1,0
Hatchlands,02/08/2022,21,H36,0,0,0
Hatchlands,02/08/2022,21,H37,0,0,0
Hatchlands,02/08/2022,21,H38,0,0,0
Hatchlands,02/08/2022,21,H39,0,1,0
Hatchlands,02/08/2022,21,H40,0,0,0
Hatchlands,02/08/2022,21,H41,0,0,0
Hatchlands,02/08/2022,21,H42,0,0,0
Hatchlands,02/08/2022,21,H43,0,0,0
Hatchlands,02/08/2022,21,H44,0,0,0
Hatchlands,02/08/2022,21,H45,0,0,0
Hatchlands,02/08/2022,21,H46,0,0,0
Hatchlands,02/08/2022,21,H47,2,0,0
Hatchlands,02/08/2022,21,H48,2,0,0
Hatchlands,02/08/2022,21,H49,1,0,0
Hatchlands,02/08/2022,21,H50,0,1,0
Hatchlands,02/08/2022,21,H51,0,0,0
Hatchlands,02/08/2022,21,H52,0,0,0
Hatchlands,02/08/2022,21,H53,0,0,0
Hatchlands,02/08/2022,21,H54,0,0,0
Hatchlands,02/08/2022,21,H55,0,0,0
Hatchlands,02/08/2022,21,H56,0,7,0
Hatchlands,02/08/2022,21,H57,0,0,0
Hatchlands,02/08/2022,21,H58,2,1,0
Hatchlands,02/08/2022,21,H59,1,4,0
Hatchlands,02/08/2022,21,H60,0,0,0
Hatchlands,02/08/2022,21,H61,0,2,0
Hatchlands,02/08/2022,21,H62,0,0,0
Hatchlands,02/08/2022,21,H63,0,0,0
Hatchlands,02/08/2022,21,H64,0,0,0
Hatchlands,02/08/2022,21,H65,0,1,0
Hatchlands,02/08/2022,21,H66,1,3,0
Hatchlands,02/08/2022,21,H67,0,1,0
Hatchlands,02/08/2022,21,H68,0,0,0
Hatchlands,02/08/2022,21,H69,0,0,0
Hatchlands,02/08/2022,21,H70,0,0,0
Hatchlands,02/08/2022,21,H71,0,1,0
Hatchlands,02/08/2022,21,H72,0,2,0
Hatchlands,02/08/2022,21,H73,0,1,0
Hatchlands,02/08/2022,21,H74,0,2,3
Hatchlands,02/08/2022,21,H75,0,0,0
Hatchlands,02/08/2022,21,H421,0,0,0
Hatchlands,02/08/2022,20,H1,1,0,0
Hatchlands,02/08/2022,20,H2,0,0,0
Hatchlands,02/08/2022,20,H3,0,0,0
Hatchlands,02/08/2022,20,H4,9,0,0
Hatchlands,02/08/2022,20,H5,0,0,0
Hatchlands,02/08/2022,20,H6,0,0,0
Hatchlands,02/08/2022,20,H7,0,0,0
Hatchlands,02/08/2022,20,H8,0,0,0
Hatchlands,02/08/2022,20,H9,6,0,0
Hatchlands,02/08/2022,20,H10,3,0,20+
Hatchlands,02/08/2022,20,H11,3,0,0
Hatchlands,02/08/2022,20,H12,1,0,0
Hatchlands,02/08/2022,20,H13,0,0,0
Hatchlands,02/08/2022,20,H14,0,0,0
Hatchlands,02/08/2022,20,H15,0,0,0
Hatchlands,02/08/2022,20,H16,0,0,0
Hatchlands,02/08/2022,20,H17,0,0,0
Hatchlands,02/08/2022,20,H18,6,2,0
Hatchlands,02/08/2022,20,H19,1,1,0
Hatchlands,02/08/2022,20,H20,1,0,0
Hatchlands,02/08/2022,20,H21,8,2,0
Hatchlands,02/08/2022,20,H22,0,0,0
Hatchlands,02/08/2022,20,H23,0,0,0
Hatchlands,02/08/2022,20,H24,0,0,0
Hatchlands,02/08/2022,20,H25,0,0,0
Hatchlands,02/08/2022,20,H26,0,0,0
Hatchlands,02/08/2022,20,H27,5,0,0
Hatchlands,02/08/2022,20,H28,0,0,0
Hatchlands,02/08/2022,20,H29,0,0,0
Hatchlands,02/08/2022,20,H30,2,0,0
Hatchlands,02/08/2022,20,H31,0,0,0
Hatchlands,02/08/2022,20,H32,0,0,0
Hatchlands,02/08/2022,20,H33,0,0,0
Hatchlands,02/08/2022,20,H34,0,0,0
Hatchlands,02/08/2022,20,H35,0,0,0
Hatchlands,02/08/2022,19,H1,1,0,0
Hatchlands,02/08/2022,19,H2,2,0,0
Hatchlands,02/08/2022,19,H3,0,0,0
Hatchlands,02/08/2022,19,H4,8,0,0
Hatchlands,02/08/2022,19,H5,0,0,0
Hatchlands,02/08/2022,19,H6,0,0,0
Hatchlands,02/08/2022,19,H7,0,0,0
Hatchlands,02/08/2022,19,H8,0,0,0
Hatchlands,02/08/2022,19,H9,4,0,0
Hatchlands,02/08/2022,19,H10,3,0,20+
Hatchlands,02/08/2022,19,H11,2,0,0
Hatchlands,02/08/2022,19,H12,2,2,0
Hatchlands,02/08/2022,19,H13,0,0,0
Hatchlands,02/08/2022,19,H14,0,0,0
Hatchlands,02/08/2022,19,H15,0,0,2
Hatchlands,02/08/2022,19,H16,0,0,0
Hatchlands,02/08/2022,19,H17,0,0,0
Hatchlands,02/08/2022,19,H18,3,1,0
Hatchlands,02/08/2022,19,H19,0,2,0
Hatchlands,02/08/2022,19,H21,6,2,0
Hatchlands,02/08/2022,19,H22,0,3,0
Hatchlands,02/08/2022,19,H23,1,1,0
Hatchlands,02/08/2022,19,H24,0,0,0
Hatchlands,02/08/2022,19,H25,0,0,0
Hatchlands,02/08/2022,19,H26,0,0,1
Hatchlands,02/08/2022,19,H27,2,0,0
Hatchlands,02/08/2022,19,H28,0,0,0
Hatchlands,02/08/2022,19,H29,0,0,0
Hatchlands,02/08/2022,19,H36,0,0,0
Hatchlands,02/08/2022,19,H37,0,0,0
Hatchlands,02/08/2022,19,H38,0,0,0
Hatchlands,02/08/2022,19,H39,2,0,0
Hatchlands,02/08/2022,19,H40,0,0,0
Hatchlands,02/08/2022,19,H41,0,0,0
Hatchlands,02/08/2022,19,H42,0,0,0
Hatchlands,02/08/2022,19,H43,0,0,0
Hatchlands,02/08/2022,19,H45,0,0,0
Hatchlands,02/08/2022,19,H46,0,0,0
Hatchlands,02/08/2022,19,H47,2,0,0
Hatchlands,02/08/2022,19,H48,0,3,0
Hatchlands,02/08/2022,19,H49,1,0,0
Hatchlands,02/08/2022,19,H50,0,0,0
Hatchlands,02/08/2022,19,H51,0,0,0
Hatchlands,02/08/2022,19,H52,0,0,0
Hatchlands,02/08/2022,19,H54,0,0,0
Hatchlands,02/08/2022,18,H1,1,0,0
Hatchlands,02/08/2022,18,H2,1,0,0
Hatchlands,02/08/2022,18,H3,0,0,0
Hatchlands,02/08/2022,18,H4,13,0,0
Hatchlands,02/08/2022,18,H5,0,0,0
Hatchlands,02/08/2022,18,H6,0,0,0
Hatchlands,02/08/2022,18,H7,0,0,0
Hatchlands,02/08/2022,18,H8,0,0,0
Hatchlands,02/08/2022,18,H9,7,0,0
Hatchlands,02/08/2022,18,H10,4,1,20+
Hatchlands,02/08/2022,18,H11,3,0,0
Hatchlands,02/08/2022,18,H12,0,0,0
Hatchlands,02/08/2022,18,H13,0,0,0
Hatchlands,02/08/2022,18,H14,0,0,0
Hatchlands,02/08/2022,18,H15,0,0,0
Hatchlands,02/08/2022,18,H16,2,0,0
Hatchlands,02/08/2022,18,H17,0,0,0
Hatchlands,02/08/2022,18,H18,15,1,2
Hatchlands,02/08/2022,18,H19,0,0,0
Hatchlands,02/08/2022,18,H20,0,0,0
Hatchlands,02/08/2022,18,H21,8,0,0
Hatchlands,02/08/2022,18,H22,0,0,0
Hatchlands,02/08/2022,18,H23,1,0,0
Hatchlands,02/08/2022,18,H24,0,0,0
Hatchlands,02/08/2022,18,H25,0,0,0
Hatchlands,02/08/2022,18,H26,0,0,0
Hatchlands,02/08/2022,18,H27,5,0,1
Hatchlands,02/08/2022,18,H28,0,0,0
Hatchlands,02/08/2022,18,H29,4,1,0
Hatchlands,02/08/2022,18,H30,9,0,0
Hatchlands,02/08/2022,18,H31,0,0,0
Hatchlands,02/08/2022,18,H32,0,0,0
Hatchlands,02/08/2022,18,H33,0,1,0
Hatchlands,02/08/2022,18,H34,0,2,0
Hatchlands,02/08/2022,18,H35,0,0,0
Hatchlands,02/08/2022,18,H36,0,0,0
Hatchlands,02/08/2022,18,H37,0,0,0
Hatchlands,02/08/2022,18,H38,0,0,0
Hatchlands,02/08/2022,18,H39,2,0,0
Hatchlands,02/08/2022,18,H40,0,0,0
Hatchlands,02/08/2022,18,H41,0,0,0
Hatchlands,02/08/2022,18,H42,0,0,0
Hatchlands,02/08/2022,18,H43,0,0,0
Hatchlands,02/08/2022,18,H44,1,0,0
Hatchlands,02/08/2022,18,H45,0,0,0
Hatchlands,02/08/2022,18,H46,0,0,0
Hatchlands,02/08/2022,18,H47,0,0,0
Hatchlands,02/08/2022,18,H48,3,0,0
Hatchlands,02/08/2022,18,H49,1,0,0
Hatchlands,02/08/2022,18,H50,2,1,0
Hatchlands,02/08/2022,18,H51,0,0,0
Hatchlands,02/08/2022,18,H52,0,0,0
Hatchlands,02/08/2022,18,H53,0,0,0
Hatchlands,02/08/2022,18,H54,0,0,0
Hatchlands,02/08/2022,18,H55,0,0,0
Hatchlands,02/08/2022,18,H56,0,1,0
Hatchlands,02/08/2022,18,H57,1,0,0
Hatchlands,02/08/2022,18,H58,0,0,0
Hatchlands,02/08/2022,18,H59,2,0,0
Hatchlands,02/08/2022,18,H60,0,0,0
Hatchlands,02/08/2022,18,H61,0,0,0
Hatchlands,02/08/2022,18,H62,0,0,0
Hatchlands,02/08/2022,18,H63,0,0,0
Hatchlands,02/08/2022,18,H64,0,0,0
Hatchlands,02/08/2022,18,H65,0,0,0
Hatchlands,02/08/2022,18,H66,5,0,0
Hatchlands,02/08/2022,18,H67,0,0,0
Hatchlands,02/08/2022,18,H68,0,1,0
Hatchlands,02/08/2022,18,H69,0,1,0
Hatchlands,02/08/2022,18,H70,0,0,0
Hatchlands,02/08/2022,18,H71,1,0,0
Hatchlands,02/08/2022,18,H72,0,0,0
Hatchlands,02/08/2022,18,H73,0,1,0
Hatchlands,02/08/2022,18,H74,0,1,6
Hatchlands,02/08/2022,18,H75,0,0,0
Hatchlands,02/08/2022,18,H421,0,0,0
Hatchlands,02/08/2022,22,H1,1,0,0
Hatchlands,02/08/2022,22,H2,0,0,0
Hatchlands,02/08/2022,22,H3,0,0,0
Hatchlands,02/08/2022,22,H4,7,4,0
Hatchlands,02/08/2022,22,H5,0,0,0
Hatchlands,02/08/2022,22,H6,0,0,0
Hatchlands,02/08/2022,22,H7,0,0,0
Hatchlands,02/08/2022,22,H8,1,4,0
Hatchlands,02/08/2022,22,H9,3,0,0
Hatchlands,02/08/2022,22,H10,0,4,20+
Hatchlands,02/08/2022,22,H11,0,5,0
Hatchlands,02/08/2022,22,H12,0,0,0
Hatchlands,02/08/2022,22,H13,0,0,0
Hatchlands,02/08/2022,22,H14,0,0,0
Hatchlands,02/08/2022,22,H15,0,0,0
Hatchlands,02/08/2022,22,H16,0,0,0
Hatchlands,02/08/2022,22,H17,0,0,0
Hatchlands,02/08/2022,22,H18,4,10,0
Hatchlands,02/08/2022,22,H19,0,0,0
Hatchlands,02/08/2022,22,H20,0,0,0
Hatchlands,02/08/2022,22,H21,9,7,0
Hatchlands,02/08/2022,22,H22,0,0,0
Hatchlands,02/08/2022,22,H23,0,0,0
Hatchlands,02/08/2022,22,H24,0,0,0
Hatchlands,02/08/2022,22,H25,0,0,0
Hatchlands,02/08/2022,22,H26,0,0,0
Hatchlands,02/08/2022,22,H27,0,0,0
Hatchlands,02/08/2022,22,H28,0,0,0
Hatchlands,02/08/2022,22,H29,0,0,0
Hatchlands,02/08/2022,22,H30,4,3,0
Hatchlands,02/08/2022,22,H31,0,0,0
Hatchlands,02/08/2022,22,H32,0,0,0
Hatchlands,02/08/2022,22,H33,0,0,0
Hatchlands,02/08/2022,22,H34,0,0,0
Hatchlands,02/08/2022,22,H35,0,0,0
Hatchlands,02/08/2022,22,H36,0,0,0
Hatchlands,02/08/2022,22,H37,0,0,0
Hatchlands,02/08/2022,22,H38,0,0,0
Hatchlands,02/08/2022,22,H39,0,0,0
Hatchlands,02/08/2022,22,H40,0,0,0
Hatchlands,02/08/2022,22,H41,0,0,0
Hatchlands,02/08/2022,22,H42,0,0,0
Hatchlands,02/08/2022,22,H43,0,0,0
Hatchlands,02/08/2022,22,H44,0,4,0
Hatchlands,02/08/2022,22,H45,0,0,0
Hatchlands,02/08/2022,22,H46,0,0,0
Hatchlands,02/08/2022,22,H47,2,0,0
Hatchlands,02/08/2022,22,H48,2,0,0
Hatchlands,02/08/2022,22,H49,1,0,0
Hatchlands,02/08/2022,22,H50,0,4,0
Hatchlands,02/08/2022,22,H51,0,0,0
Hatchlands,02/08/2022,22,H52,0,0,0
Hatchlands,02/08/2022,22,H53,0,0,0
Hatchlands,02/08/2022,22,H54,0,0,0
Hatchlands,02/08/2022,22,H55,0,0,0
Hatchlands,02/08/2022,22,H56,0,0,0
Hatchlands,02/08/2022,22,H57,0,0,0
Hatchlands,02/08/2022,22,H58,3,0,0
Hatchlands,02/08/2022,22,H59,5,0,0
Hatchlands,02/08/2022,22,H60,0,0,0
Hatchlands,02/08/2022,22,H61,0,0,0
Hatchlands,02/08/2022,22,H62,0,0,0
Hatchlands,02/08/2022,22,H63,0,0,0
Hatchlands,02/08/2022,22,H64,0,0,0
Hatchlands,02/08/2022,22,H65,0,0,0
Hatchlands,02/08/2022,22,H66,1,8,0
Hatchlands,02/08/2022,22,H67,0,0,0
Hatchlands,02/08/2022,22,H68,0,0,0
Hatchlands,02/08/2022,22,H69,0,0,0
Hatchlands,02/08/2022,22,H70,0,0,0
Hatchlands,02/08/2022,22,H71,1,0,0
Hatchlands,02/08/2022,22,H72,0,0,0
Hatchlands,02/08/2022,22,H73,0,0,0
Hatchlands,02/08/2022,22,H74,0,4,0
Hatchlands,02/08/2022,22,H75,0,4,7
Hatchlands,02/08/2022,22,H421,0,0,0
Richmond,01/08/2022,2,R1,5,2,0
Richmond,01/08/2022,2,R2,0,0,0
Richmond,01/08/2022,2,R3,0,0,0
Richmond,01/08/2022,2,R4,0,0,0
Richmond,01/08/2022,2,R5,0,3,0
Richmond,01/08/2022,2,R6,3,6,0
Richmond,01/08/2022,2,R7,0,0,0
Richmond,01/08/2022,2,R8,0,0,0
Richmond,01/08/2022,2,R9,2,2,0
Richmond,01/08/2022,2,R10,0,0,0
Richmond,01/08/2022,2,R11,2,7,0
Richmond,01/08/2022,2,R12,0,2,0
Richmond,01/08/2022,2,R13,1,0,0
Richmond,01/08/2022,2,R14,0,6,0
Richmond,01/08/2022,2,R15,1,5,0
Richmond,01/08/2022,2,R16,1,0,5+
Richmond,01/08/2022,2,R17,0,4,5+
Richmond,01/08/2022,2,R18,0,0,0
Richmond,01/08/2022,2,R19,0,0,0
Richmond,01/08/2022,2,R20,8,1,1
Richmond,01/08/2022,2,R21,0,4,0
Richmond,01/08/2022,2,R22,6,1,2
Richmond,01/08/2022,2,R23,6,3,0
Richmond,01/08/2022,2,R24,0,2,0
Richmond,01/08/2022,2,R25,0,0,0
Richmond,01/08/2022,2,R26,3,2,0
Richmond,01/08/2022,2,R27,0,0,0
Richmond,01/08/2022,2,R28,2,1,0
Richmond,01/08/2022,2,R29,0,0,0
Richmond,01/08/2022,2,R30,0,2,0
Richmond,01/08/2022,2,R31,0,0,0
Richmond,01/08/2022,2,R32,0,0,0
Richmond,01/08/2022,2,R33,0,0,0
Richmond,01/08/2022,2,R34,1,0,0
Richmond,01/08/2022,2,R35,1,4,0
Richmond,01/08/2022,2,R36,2,5,2
Richmond,01/08/2022,2,R37,0,0,0
Richmond,01/08/2022,2,R38,0,0,0
Richmond,01/08/2022,2,R39,2,4,2
Richmond,01/08/2022,2,R40,0,0,0
Richmond,01/08/2022,2,R41,0,1,0
Richmond,01/08/2022,2,R42,2,7,0
Richmond,01/08/2022,2,R43,0,0,0
Richmond,01/08/2022,2,R44,0,0,0
Richmond,01/08/2022,2,R45,3,3,5+
Richmond,01/08/2022,2,R46,0,0,0
Richmond,01/08/2022,2,R47,0,0,0
Richmond,01/08/2022,2,R48,5,0,0
Richmond,01/08/2022,2,R49,0,4,0
Richmond,01/08/2022,2,R50,0,3,0
Richmond,01/08/2022,2,R51,0,0,0
Richmond,01/08/2022,2,R52,0,0,0
Richmond,01/08/2022,2,R53,0,0,0
Richmond,01/08/2022,2,R54,3,8,0
Richmond,01/08/2022,2,R55,1,2,0
Richmond,01/08/2022,2,R56,0,0,0
Richmond,01/08/2022,2,R57,8,4,2
Richmond,01/08/2022,2,R58,0,2,0
Richmond,01/08/2022,2,R59,0,0,0
Richmond,01/08/2022,2,R60,0,0,0
Richmond,01/08/2022,2,R61,0,0,0
Richmond,01/08/2022,2,R62,0,0,0
Richmond,01/08/2022,2,R63,1,0,0
Richmond,01/08/2022,2,R64,0,0,0
Richmond,01/08/2022,2,R65,0,0,0
Richmond,01/08/2022,2,R66,1,1,1
Richmond,01/08/2022,2,R68,1,2,1
Richmond,01/08/2022,2,R69,1,1,0
Richmond,01/08/2022,2,R70,0,0,0
Richmond,01/08/2022,2,R71,1,0,1
Richmond,01/08/2022,2,R72,1,0,1
Richmond,01/08/2022,2,R73,0,0,0
Richmond,01/08/2022,2,R74,0,1,0
Richmond,01/08/2022,2,R75,1,0,0
Richmond,01/08/2022,2,R76,0,0,0
Richmond,01/08/2022,2,R77,0,0,0
Richmond,01/08/2022,2,R78,0,2,0
Richmond,01/08/2022,2,R79,0,0,0
Richmond,01/08/2022,2,R80,4,2,0
Richmond,01/08/2022,2,R81,8,3,2
Richmond,01/08/2022,2,R82,1,0,0
Richmond,01/08/2022,2,R83,0,1,0
Richmond,01/08/2022,2,R84,1,0,0
Richmond,01/08/2022,2,R85,0,0,0
Richmond,01/08/2022,2,R86,0,0,0
Richmond,01/08/2022,2,R87,0,0,0
Richmond,01/08/2022,2,R88,0,0,0
Richmond,01/08/2022,2,R89,0,0,0
Richmond,01/08/2022,2,R90,0,0,0
Richmond,01/08/2022,2,R91,0,3,0
Richmond,01/08/2022,2,R92,0,0,0
Richmond,01/08/2022,2,R93,16,0,20+
Richmond,01/08/2022,2,R94,0,0,0
Richmond,01/08/2022,2,R95,1,1,0
Richmond,01/08/2022,2,R96,1,0,0
Richmond,01/08/2022,2,R97,0,0,0
Richmond,01/08/2022,2,R98,1,0,0
Richmond,01/08/2022,2,R99,0,0,0
Richmond,01/08/2022,2,R100,0,0,0
Richmond,20/07/2022,3,R1,2,2,0
Richmond,20/07/2022,3,R2,1,0,1
Richmond,20/07/2022,3,R3,0,0,0
Richmond,20/07/2022,3,R4,1,2,1
Richmond,20/07/2022,3,R5,0,0,0
Richmond,20/07/2022,3,R6,0,0,0
Richmond,20/07/2022,3,R7,1,0,0
Richmond,20/07/2022,3,R8,0,0,1
Richmond,20/07/2022,3,R9,2,1,0
Richmond,20/07/2022,3,R10,0,0,1
Richmond,20/07/2022,3,R11,2,0,0
Richmond,20/07/2022,3,R12,1,3,0
Richmond,20/07/2022,3,R13,0,0,0
Richmond,20/07/2022,3,R14,4,10,0
Richmond,20/07/2022,3,R15,8,4,0
Richmond,20/07/2022,3,R16,0,5,0
Richmond,20/07/2022,3,R17,0,0,0
Richmond,20/07/2022,3,R18,0,5,0
Richmond,20/07/2022,3,R19,0,3,0
Richmond,20/07/2022,3,R20,12,6,0
Richmond,20/07/2022,3,R21,2,6,0
Richmond,20/07/2022,3,R22,2,2,0
Richmond,20/07/2022,3,R23,4,4,3
Richmond,20/07/2022,3,R24,0,2,17
Richmond,20/07/2022,3,R25,3,4,0
Richmond,20/07/2022,3,R26,3,6,2
Richmond,20/07/2022,3,R27,0,0,0
Richmond,20/07/2022,3,R28,0,4,0
Richmond,20/07/2022,3,R29,0,0,0
Richmond,20/07/2022,3,R30,0,0,0
Richmond,20/07/2022,3,R31,0,0,0
Richmond,20/07/2022,3,R32,0,0,0
Richmond,20/07/2022,3,R33,0,0,0
Richmond,20/07/2022,3,R34,0,0,0
Richmond,20/07/2022,3,R35,0,1,1
Richmond,20/07/2022,3,R36,0,0,0
Richmond,20/07/2022,3,R37,0,0,0
Richmond,20/07/2022,3,R38,0,0,0
Richmond,20/07/2022,3,R39,1,6,3
Richmond,20/07/2022,3,R40,4,3,5
Richmond,20/07/2022,3,R41,4,1,0
Richmond,20/07/2022,3,R42,4,6,1
Richmond,20/07/2022,3,R43,0,2,3
Richmond,20/07/2022,3,R44,0,1,0
Richmond,20/07/2022,3,R45,2,0,20+
Richmond,20/07/2022,3,R46,0,0,0
Richmond,20/07/2022,3,R47,0,0,0
Richmond,20/07/2022,3,R48,0,0,0
Richmond,20/07/2022,3,R49,0,0,0
Richmond,20/07/2022,3,R50,0,1,0
Richmond,20/07/2022,3,R51,0,0,0
Richmond,20/07/2022,3,R52,1,1,1
Richmond,20/07/2022,3,R53,0,0,0
Richmond,20/07/2022,3,R54,1,0,0
Richmond,20/07/2022,3,R55,1,0,0
Richmond,20/07/2022,3,R56,0,1,0
Richmond,20/07/2022,3,R57,5,0,0
Richmond,20/07/2022,3,R58,0,0,0
Richmond,20/07/2022,3,R59,0,1,0
Richmond,20/07/2022,3,R60,0,0,0
Richmond,20/07/2022,3,R61,1,0,0
Richmond,20/07/2022,3,R62,1,4,0
Richmond,20/07/2022,3,R63,1,2,1
Richmond,20/07/2022,3,R64,0,0,1
Richmond,20/07/2022,3,R65,3,3,3
Richmond,20/07/2022,3,R66,0,0,1
Richmond,20/07/2022,3,R67,0,0,0
Richmond,20/07/2022,3,R68,2,0,0
Richmond,20/07/2022,3,R69,0,0,0
Richmond,20/07/2022,3,R70,0,0,0
Richmond,20/07/2022,3,R71,1,2,0
Richmond,20/07/2022,3,R72,0,0,0
Richmond,20/07/2022,3,R73,0,1,1
Richmond,20/07/2022,3,R74,0,1,0
Richmond,20/07/2022,3,R75,0,1,0
Richmond,20/07/2022,3,R76,2,1,0
Richmond,20/07/2022,3,R77,0,0,0
Richmond,20/07/2022,3,R78,1,0,0
Richmond,20/07/2022,3,R79,0,0,0
Richmond,20/07/2022,3,R80,4,3,0
Richmond,20/07/2022,3,R81,5,0,0
Richmond,20/07/2022,3,R82,0,0,0
Richmond,20/07/2022,3,R83,0,1,0
Richmond,20/07/2022,3,R84,1,2,0
Richmond,20/07/2022,3,R85,0,0,0
Richmond,20/07/2022,3,R86,0,0,0
Richmond,20/07/2022,3,R87,0,0,0
Richmond,20/07/2022,3,R88,2,1,0
Richmond,20/07/2022,3,R89,0,0,0
Richmond,20/07/2022,3,R90,1,1,0
Richmond,20/07/2022,3,R91,0,1,0
Richmond,20/07/2022,3,R92,0,0,0
Richmond,20/07/2022,3,R93,13,2,20+
Richmond,20/07/2022,3,R94,0,0,0
Richmond,20/07/2022,3,R95,1,0,0
Richmond,20/07/2022,3,R96,0,0,0
Richmond,20/07/2022,3,R97,0,0,0
Richmond,20/07/2022,3,R98,6,1,0
Richmond,20/07/2022,3,R99,2,1,0
Richmond,20/07/2022,3,R100,0,0,0
Richmond,20/07/2022,4,R1,1,0,0
Richmond,20/07/2022,4,R2,0,1,0
Richmond,20/07/2022,4,R3,0,1,0
Richmond,20/07/2022,4,R4,1,1,0
Richmond,20/07/2022,4,R5,0,1,0
Richmond,20/07/2022,4,R6,0,1,0
Richmond,20/07/2022,4,R7,0,0,0
Richmond,20/07/2022,4,R8,0,0,0
Richmond,20/07/2022,4,R9,2,1,0
Richmond,20/07/2022,4,R10,0,0,0
Richmond,20/07/2022,4,R11,2,0,0
Richmond,20/07/2022,4,R12,0,0,0
Richmond,20/07/2022,4,R13,0,0,0
Richmond,20/07/2022,4,R14,3,5,0
Richmond,20/07/2022,4,R15,6,3,0
Richmond,20/07/2022,4,R16,0,2,10+
Richmond,20/07/2022,4,R17,0,0,0
Richmond,20/07/2022,4,R18,0,0,0
Richmond,20/07/2022,4,R19,0,0,0
Richmond,20/07/2022,4,R20,11,2,0
Richmond,20/07/2022,4,R21,2,4,0
Richmond,20/07/2022,4,R22,3,2,0
Richmond,20/07/2022,4,R23,3,2,0
Richmond,20/07/2022,4,R24,1,1,10+
Richmond,20/07/2022,4,R25,0,0,0
Richmond,20/07/2022,4,R26,1,5,2
Richmond,20/07/2022,4,R27,0,0,0
Richmond,20/07/2022,4,R28,0,1,0
Richmond,20/07/2022,4,R29,0,0,0
Richmond,20/07/2022,4,R30,0,2,0
Richmond,20/07/2022,4,R31,0,2,0
Richmond,20/07/2022,4,R32,0,2,0
Richmond,20/07/2022,4,R33,0,2,0
Richmond,20/07/2022,4,R34,0,1,0
Richmond,20/07/2022,4,R35,0,4,0
Richmond,20/07/2022,4,R36,1,1,0
Richmond,20/07/2022,4,R37,0,1,0
Richmond,20/07/2022,4,R38,0,2,0
Richmond,20/07/2022,4,R39,2,5,2
Richmond,20/07/2022,4,R40,2,0,0
Richmond,20/07/2022,4,R41,2,3,0
Richmond,20/07/2022,4,R42,2,3,0
Richmond,20/07/2022,4,R43,0,0,0
Richmond,20/07/2022,4,R44,0,4,0
Richmond,20/07/2022,4,R45,1,1,40
Richmond,20/07/2022,4,R46,0,0,0
Richmond,20/07/2022,4,R47,0,0,0
Richmond,20/07/2022,4,R48,1,0,0
Richmond,20/07/2022,4,R49,0,1,12
Richmond,20/07/2022,4,R50,0,0,0
Richmond,20/07/2022,4,R51,0,0,0
Richmond,20/07/2022,4,R52,0,1,0
Richmond,20/07/2022,4,R53,0,0,0
Richmond,20/07/2022,4,R54,0,0,0
Richmond,20/07/2022,4,R55,0,0,0
Richmond,20/07/2022,4,R56,0,0,0
Richmond,20/07/2022,4,R57,4,0,10
Richmond,20/07/2022,4,R58,0,0,0
Richmond,20/07/2022,4,R59,0,0,0
Richmond,20/07/2022,4,R60,0,1,0
Richmond,20/07/2022,4,R61,0,2,0
Richmond,20/07/2022,4,R62,0,1,0
Richmond,20/07/2022,4,R63,0,0,0
Richmond,20/07/2022,4,R64,0,0,0
Richmond,20/07/2022,4,R65,0,3,0
Richmond,20/07/2022,4,R66,0,0,0
Richmond,20/07/2022,4,R67,0,0,0
Richmond,20/07/2022,4,R68,2,0,0
Richmond,20/07/2022,4,R69,1,0,0
Richmond,20/07/2022,4,R70,0,0,0
Richmond,20/07/2022,4,R71,0,0,0
Richmond,20/07/2022,4,R72,0,0,0
Richmond,20/07/2022,4,R73,0,1,0
Richmond,20/07/2022,4,R74,0,1,0
Richmond,20/07/2022,4,R75,0,0,0
Richmond,20/07/2022,4,R76,2,1,0
Richmond,20/07/2022,4,R77,0,0,0
Richmond,20/07/2022,4,R78,0,0,0
Richmond,20/07/2022,4,R79,0,1,0
Richmond,20/07/2022,4,R80,4,0,0
Richmond,20/07/2022,4,R81,4,0,0
Richmond,20/07/2022,4,R82,0,0,0
Richmond,20/07/2022,4,R83,1,1,0
Richmond,20/07/2022,4,R84,3,0,0
Richmond,20/07/2022,4,R85,0,0,0
Richmond,20/07/2022,4,R86,0,0,0
Richmond,20/07/2022,4,R87,0,0,0
Richmond,20/07/2022,4,R88,0,0,0
Richmond,20/07/2022,4,R89,0,0,0
Richmond,20/07/2022,4,R90,0,0,0
Richmond,20/07/2022,4,R91,0,1,0
Richmond,20/07/2022,4,R92,0,0,0
Richmond,20/07/2022,4,R93,10,0,5
Richmond,20/07/2022,4,R94,0,0,0
Richmond,20/07/2022,4,R95,0,0,0
Richmond,20/07/2022,4,R96,1,0,0
Richmond,20/07/2022,4,R97,0,0,0
Richmond,20/07/2022,4,R98,2,1,0
Richmond,20/07/2022,4,R99,0,0,0
Richmond,20/07/2022,4,R100,0,0,0
Richmond,01/08/2022,6,R1,0,8,0
Richmond,01/08/2022,6,R2,0,3,0
Richmond,01/08/2022,6,R3,0,8,0
Richmond,01/08/2022,6,R4,0,8,0
Richmond,01/08/2022,6,R5,0,7,0
Richmond,01/08/2022,6,R6,0,8,0
Richmond,01/08/2022,6,R7,0,6,0
Richmond,01/08/2022,6,R8,0,0,0
Richmond,01/08/2022,6,R9,2,4,0
Richmond,01/08/2022,6,R10,0,2,0
Richmond,01/08/2022,6,R11,3,2,0
Richmond,01/08/2022,6,R12,0,4,0
Richmond,01/08/2022,6,R13,0,1,10
Richmond,01/08/2022,6,R14,2,5,0
Richmond,01/08/2022,6,R15,0,11,0
Richmond,01/08/2022,6,R16,0,8,21
Richmond,01/08/2022,6,R17,0,6,0
Richmond,01/08/2022,6,R18,0,4,0
Richmond,01/08/2022,6,R19,0,5,0
Richmond,01/08/2022,6,R20,5,5,0
Richmond,01/08/2022,6,R21,1,2,0
Richmond,01/08/2022,6,R22,2,2,0
Richmond,01/08/2022,6,R23,2,1,2
Richmond,01/08/2022,6,R24,1,4,20+
Richmond,01/08/2022,6,R25,0,11,0
Richmond,01/08/2022,6,R26,2,11,1
Richmond,01/08/2022,6,R27,0,1,0
Richmond,01/08/2022,6,R28,0,5,0
Richmond,01/08/2022,6,R29,0,5,0
Richmond,01/08/2022,6,R30,0,3,0
Richmond,01/08/2022,6,R31,0,1,0
Richmond,01/08/2022,6,R32,0,0,0
Richmond,01/08/2022,6,R33,0,6,0
Richmond,01/08/2022,6,R34,0,2,0
Richmond,01/08/2022,6,R35,0,10,0
Richmond,01/08/2022,6,R36,2,5,2
Richmond,01/08/2022,6,R37,0,0,0
Richmond,01/08/2022,6,R38,0,0,0
Richmond,01/08/2022,6,R39,2,7,1
Richmond,01/08/2022,6,R40,4,4,8
Richmond,01/08/2022,6,R41,0,3,0
Richmond,01/08/2022,6,R42,7,9,4
Richmond,01/08/2022,6,R43,0,2,0
Richmond,01/08/2022,6,R44,0,6,0
Richmond,01/08/2022,6,R45,0,5,20+
Richmond,01/08/2022,6,R46,0,1,0
Richmond,01/08/2022,6,R47,0,0,0
Richmond,01/08/2022,6,R48,0,0,0
Richmond,01/08/2022,6,R49,0,1,20+
Richmond,01/08/2022,6,R50,0,2,0
Richmond,01/08/2022,6,R51,0,0,0
Richmond,01/08/2022,6,R52,0,0,0
Richmond,01/08/2022,6,R53,1,0,0
Richmond,01/08/2022,6,R54,0,0,0
Richmond,01/08/2022,6,R55,1,0,0
Richmond,01/08/2022,6,R56,0,1,0
Richmond,01/08/2022,6,R57,4,1,0
Richmond,01/08/2022,6,R58,0,1,0
Richmond,01/08/2022,6,R59,0,0,0
Richmond,01/08/2022,6,R60,0,0,0
Richmond,20/07/2022,9,R1,2,1,0
Richmond,20/07/2022,9,R2,0,0,0
Richmond,20/07/2022,9,R3,0,0,0
Richmond,20/07/2022,9,R4,0,0,0
Richmond,20/07/2022,9,R5,0,0,0
Richmond,20/07/2022,9,R6,0,0,0
Richmond,20/07/2022,9,R7,0,0,0
Richmond,20/07/2022,9,R8,0,0,0
Richmond,20/07/2022,9,R9,2,0,0
Richmond,20/07/2022,9,R10,0,0,1
Richmond,20/07/2022,9,R11,2,0,0
Richmond,20/07/2022,9,R12,0,1,0
Richmond,20/07/2022,9,R13,1,0,0
Richmond,20/07/2022,9,R14,2,1,0
Richmond,20/07/2022,9,R15,5,1,0
Richmond,20/07/2022,9,R16,0,3,20+
Richmond,20/07/2022,9,R17,0,0,0
Richmond,20/07/2022,9,R18,0,0,0
Richmond,20/07/2022,9,R19,0,0,0
Richmond,20/07/2022,9,R20,11,0,0
Richmond,20/07/2022,9,R21,2,1,0
Richmond,20/07/2022,9,R22,2,1,0
Richmond,20/07/2022,9,R23,0,0,8
Richmond,20/07/2022,9,R24,1,0,20+
Richmond,20/07/2022,9,R25,1,1,0
Richmond,20/07/2022,9,R26,2,1,0
Richmond,20/07/2022,9,R27,0,0,0
Richmond,20/07/2022,9,R28,0,0,0
Richmond,20/07/2022,9,R29,0,0,0
Richmond,20/07/2022,9,R30,0,2,2
Richmond,20/07/2022,9,R31,0,1,0
Richmond,20/07/2022,9,R32,0,1,0
Richmond,20/07/2022,9,R33,0,1,0
Richmond,20/07/2022,9,R34,1,0,0
Richmond,20/07/2022,9,R35,0,0,0
Richmond,20/07/2022,9,R36,0,3,1
Richmond,20/07/2022,9,R37,0,2,0
Richmond,20/07/2022,9,R38,0,0,0
Richmond,20/07/2022,9,R39,0,4,5
Richmond,20/07/2022,9,R40,3,0,3
Richmond,20/07/2022,9,R41,0,0,0
Richmond,20/07/2022,9,R42,1,0,1
Richmond,20/07/2022,9,R43,0,0,0
Richmond,20/07/2022,9,R44,0,0,0
Richmond,20/07/2022,9,R45,1,0,20+
Richmond,20/07/2022,9,R46,0,1,0
Richmond,20/07/2022,9,R47,0,0,0
Richmond,20/07/2022,9,R48,0,0,0
Richmond,20/07/2022,9,R49,0,0,20+
Richmond,20/07/2022,9,R50,0,0,0
Richmond,20/07/2022,9,R51,0,0,0
Richmond,20/07/2022,9,R52,0,0,0
Richmond,20/07/2022,9,R53,0,0,0
Richmond,20/07/2022,9,R54,0,0,0
Richmond,20/07/2022,9,R55,1,0,0
Richmond,20/07/2022,9,R56,0,0,0
Richmond,20/07/2022,9,R57,5,0,8
Richmond,20/07/2022,9,R58,0,0,0
Richmond,20/07/2022,9,R59,0,0,0
Richmond,20/07/2022,9,R60,0,0,0
Richmond,20/07/2022,10,R1,1,2,0
Richmond,20/07/2022,10,R2,0,0,0
Richmond,20/07/2022,10,R3,0,4,0
Richmond,20/07/2022,10,R4,0,2,1
Richmond,20/07/2022,10,R5,0,5,1
Richmond,20/07/2022,10,R6,0,2,1
Richmond,20/07/2022,10,R7,0,0,0
Richmond,20/07/2022,10,R8,0,0,0
Richmond,20/07/2022,10,R9,2,0,0
Richmond,20/07/2022,10,R11,2,0,0
Richmond,20/07/2022,10,R12,0,0,0
Richmond,20/07/2022,10,R14,0,4,0
Richmond,20/07/2022,10,R15,3,1,0
Richmond,20/07/2022,10,R16,0,2,2
Richmond,20/07/2022,10,R17,0,0,0
Richmond,20/07/2022,10,R18,0,0,0
Richmond,20/07/2022,10,R19,0,0,0
Richmond,20/07/2022,10,R20,3,5,0
Richmond,20/07/2022,10,R21,1,1,0
Richmond,20/07/2022,10,R22,2,0,2
Richmond,20/07/2022,10,R23,0,1,0
Richmond,20/07/2022,10,R24,0,1,1
Richmond,20/07/2022,10,R25,1,4,0
Richmond,20/07/2022,10,R26,0,5,6
Richmond,20/07/2022,10,R27,0,0,0
Richmond,20/07/2022,10,R28,0,0,0
Richmond,20/07/2022,10,R29,0,1,0
Richmond,20/07/2022,10,R30,0,0,0
Richmond,20/07/2022,10,R31,0,0,3
Richmond,20/07/2022,10,R32,1,0,0
Richmond,20/07/2022,10,R33,0,0,0
Richmond,20/07/2022,10,R36,0,0,1
Richmond,20/07/2022,10,R37,0,0,0
Richmond,20/07/2022,10,R38,0,0,0
Richmond,20/07/2022,10,R39,0,3,0
Richmond,20/07/2022,10,R40,2,1,0
Richmond,20/07/2022,10,R41,0,2,0
Richmond,20/07/2022,10,R42,2,4,0
Richmond,20/07/2022,10,R43,0,0,0
Richmond,20/07/2022,10,R44,0,0,0
Richmond,20/07/2022,10,R46,0,1,0
Richmond,20/07/2022,10,R47,0,0,0
Richmond,20/07/2022,10,R48,0,1,0
Richmond,20/07/2022,10,R49,0,1,1
Richmond,20/07/2022,10,R50,0,0,0
Richmond,20/07/2022,10,R51,0,2,0
Richmond,20/07/2022,10,R52,0,0,1
Richmond,20/07/2022,10,R54,0,1,0
Richmond,20/07/2022,10,R55,0,0,0
Richmond,20/07/2022,10,R56,0,0,0
Richmond,20/07/2022,10,R57,0,0,0
Richmond,20/07/2022,10,R58,0,0,0
Richmond,20/07/2022,10,R59,0,0,0
Richmond,20/07/2022,10,R60,0,0,0
Richmond,20/07/2022,11,R1,2,3,0
Richmond,20/07/2022,11,R2,0,0,0
Richmond,20/07/2022,11,R3,0,1,0
Richmond,20/07/2022,11,R4,0,1,0
Richmond,20/07/2022,11,R5,0,4,0
Richmond,20/07/2022,11,R6,0,2,0
Richmond,20/07/2022,11,R7,0,6,0
Richmond,20/07/2022,11,R8,0,0,0
Richmond,20/07/2022,11,R9,2,2,0
Richmond,20/07/2022,11,R10,0,1,0
Richmond,20/07/2022,11,R11,2,0,2
Richmond,20/07/2022,11,R12,0,2,0
Richmond,20/07/2022,11,R13,0,0,0
Richmond,20/07/2022,11,R14,0,6,0
Richmond,20/07/2022,11,R15,0,5,0
Richmond,20/07/2022,11,R16,0,1,0
Richmond,20/07/2022,11,R17,0,0,5
Richmond,20/07/2022,11,R18,0,1,0
Richmond,20/07/2022,11,R19,0,0,0
Richmond,20/07/2022,11,R20,2,4,0
Richmond,20/07/2022,11,R21,0,2,0
Richmond,20/07/2022,11,R22,2,1,1
Richmond,20/07/2022,11,R23,0,0,0
Richmond,20/07/2022,11,R24,0,2,0
Richmond,20/07/2022,11,R25,0,1,0
Richmond,20/07/2022,11,R26,0,4,0
Richmond,20/07/2022,11,R27,0,0,0
Richmond,20/07/2022,11,R28,0,2,0
Richmond,20/07/2022,11,R29,0,0,2
Richmond,20/07/2022,11,R30,0,0,0
Richmond,20/07/2022,11,R31,0,1,0
Richmond,20/07/2022,11,R32,0,0,1
Richmond,20/07/2022,11,R33,0,2,0
Richmond,20/07/2022,11,R34,0,0,0
Richmond,20/07/2022,11,R35,0,4,2
Richmond,20/07/2022,11,R36,1,2,0
Richmond,20/07/2022,11,R37,0,0,0
Richmond,20/07/2022,11,R38,0,0,0
Richmond,20/07/2022,11,R39,2,2,2
Richmond,20/07/2022,11,R40,2,2,0
Richmond,20/07/2022,11,R41,3,2,0
Richmond,20/07/2022,11,R42,1,5,0
Richmond,20/07/2022,11,R43,0,0,0
Richmond,20/07/2022,11,R44,0,5,0
Richmond,20/07/2022,11,R45,1,3,20+
Richmond,20/07/2022,11,R46,0,2,0
Richmond,20/07/2022,11,R47,0,0,0
Richmond,20/07/2022,11,R48,0,3,0
Richmond,20/07/2022,11,R49,0,2,20+
Richmond,20/07/2022,11,R50,0,0,1
Richmond,20/07/2022,11,R51,0,2,0
Richmond,20/07/2022,11,R52,0,1,0
Richmond,20/07/2022,11,R53,0,0,0
Richmond,20/07/2022,11,R54,0,1,0
Richmond,20/07/2022,11,R55,0,1,0
Richmond,20/07/2022,11,R56,0,1,0
Richmond,20/07/2022,11,R57,5,1,0
Richmond,20/07/2022,11,R58,0,0,0
Richmond,20/07/2022,11,R59,0,0,0
Richmond,20/07/2022,11,R60,0,1,0
Richmond,20/07/2022,12,R1,1,0,0
Richmond,20/07/2022,12,R2,0,1,0
Richmond,20/07/2022,12,R3,1,1,0
Richmond,20/07/2022,12,R4,1,0,0
Richmond,20/07/2022,12,R5,1,3,0
Richmond,20/07/2022,12,R6,0,1,0
Richmond,20/07/2022,12,R7,0,2,0
Richmond,20/07/2022,12,R8,0,0,0
Richmond,20/07/2022,12,R9,2,0,0
Richmond,20/07/2022,12,R10,0,1,1
Richmond,20/07/2022,12,R11,3,1,0
Richmond,20/07/2022,12,R12,0,1,5
Richmond,20/07/2022,12,R13,1,0,0
Richmond,20/07/2022,12,R14,3,3,0
Richmond,20/07/2022,12,R15,1,4,1
Richmond,20/07/2022,12,R16,0,3,4
Richmond,20/07/2022,12,R17,0,0,1
Richmond,20/07/2022,12,R18,0,1,0
Richmond,20/07/2022,12,R19,0,0,0
Richmond,20/07/2022,12,R20,10,3,0
Richmond,20/07/2022,12,R21,1,1,0
Richmond,20/07/2022,12,R22,3,1,0
Richmond,20/07/2022,12,R23,3,0,3
Richmond,20/07/2022,12,R24,1,2,10+
Richmond,20/07/2022,12,R25,1,1,0
Richmond,20/07/2022,12,R26,2,5,0
Richmond,20/07/2022,12,R27,0,1,0
Richmond,20/07/2022,12,R28,0,3,0
Richmond,20/07/2022,12,R29,0,1,0
Richmond,20/07/2022,12,R30,0,1,2
Richmond,20/07/2022,12,R31,0,0,0
Richmond,20/07/2022,12,R32,0,1,0
Richmond,20/07/2022,12,R33,0,0,3
Richmond,20/07/2022,12,R34,0,1,0
Richmond,20/07/2022,12,R35,0,5,0
Richmond,20/07/2022,12,R36,1,2,1
Richmond,20/07/2022,12,R37,0,2,0
Richmond,20/07/2022,12,R38,0,1,0
Richmond,20/07/2022,12,R39,2,1,2
Richmond,20/07/2022,12,R40,3,2,0
Richmond,20/07/2022,12,R41,1,3,0
Richmond,20/07/2022,12,R42,1,6,0
Richmond,20/07/2022,12,R43,0,1,0
Richmond,20/07/2022,12,R44,0,6,0
Richmond,20/07/2022,12,R45,0,1,0
Richmond,20/07/2022,12,R46,0,1,0
Richmond,20/07/2022,12,R47,0,1,0
Richmond,20/07/2022,12,R48,1,1,0
Richmond,20/07/2022,12,R49,0,1,20+
Richmond,20/07/2022,12,R50,0,2,0
Richmond,20/07/2022,12,R51,0,1,2
Richmond,20/07/2022,12,R52,1,0,3
Richmond,20/07/2022,12,R53,0,2,0
Richmond,20/07/2022,12,R54,1,4,0
Richmond,20/07/2022,12,R55,1,1,0
Richmond,20/07/2022,12,R56,1,2,0
Richmond,20/07/2022,12,R57,4,3,9
Richmond,20/07/2022,12,R58,0,2,0
Richmond,20/07/2022,12,R59,0,1,0
Richmond,20/07/2022,12,R60,0,1,0
Richmond,20/07/2022,12,R61,0,1,0
Richmond,20/07/2022,12,R62,0,1,0
Richmond,20/07/2022,12,R63,1,1,0
Richmond,20/07/2022,12,R64,0,0,0
Richmond,20/07/2022,12,R65,0,3,0
Richmond,20/07/2022,12,R66,1,0,0
Richmond,20/07/2022,12,R67,0,0,0
Richmond,20/07/2022,12,R68,1,1,0
Richmond,20/07/2022,12,R69,0,1,0
Richmond,20/07/2022,12,R70,0,1,0
Richmond,20/07/2022,12,R71,0,2,0
Richmond,20/07/2022,12,R72,0,0,0
Richmond,20/07/2022,12,R73,0,0,0
Richmond,20/07/2022,12,R74,0,0,0
Richmond,20/07/2022,12,R75,0,2,0
Richmond,20/07/2022,12,R76,2,0,0
Richmond,20/07/2022,12,R77,0,1,0
Richmond,20/07/2022,12,R78,2,0,0
Richmond,20/07/2022,12,R79,0,1,0
Richmond,20/07/2022,12,R80,2,5,0
Richmond,20/07/2022,12,R81,2,3,0
Richmond,20/07/2022,12,R82,0,2,0
Richmond,20/07/2022,12,R83,1,2,0
Richmond,20/07/2022,12,R84,1,1,0
Richmond,20/07/2022,12,R85,0,1,0
Richmond,20/07/2022,12,R86,0,0,0
Richmond,20/07/2022,12,R87,0,1,0
Richmond,20/07/2022,12,R88,0,1,1
Richmond,20/07/2022,12,R89,0,0,0
Richmond,20/07/2022,12,R90,0,0,1
Richmond,20/07/2022,12,R91,0,3,0
Richmond,20/07/2022,12,R92,2,1,0
Richmond,20/07/2022,12,R93,14,1,0
Richmond,20/07/2022,12,R94,0,0,0
Richmond,20/07/2022,12,R95,1,2,0
Richmond,20/07/2022,12,R96,0,3,0
Richmond,20/07/2022,12,R97,0,2,0
Richmond,20/07/2022,12,R98,3,2,0
Richmond,20/07/2022,12,R99,0,1,0
Richmond,20/07/2022,12,R100,0,0,0
Richmond,20/07/2022,13,R1,1,0,0
Richmond,20/07/2022,13,R2,0,1,0
Richmond,20/07/2022,13,R3,0,1,0
Richmond,20/07/2022,13,R4,2,0,0
Richmond,20/07/2022,13,R5,0,4,0
Richmond,20/07/2022,13,R6,1,3,0
Richmond,20/07/2022,13,R7,1,4,0
Richmond,20/07/2022,13,R8,0,0,0
Richmond,20/07/2022,13,R9,2,2,0
Richmond,20/07/2022,13,R10,1,1,1
Richmond,20/07/2022,13,R11,2,2,0
Richmond,20/07/2022,13,R12,1,0,0
Richmond,20/07/2022,13,R13,0,0,0
Richmond,20/07/2022,13,R14,2,2,0
Richmond,20/07/2022,13,R15,3,2,0
Richmond,20/07/2022,13,R16,0,2,20+
Richmond,20/07/2022,13,R17,0,0,0
Richmond,20/07/2022,13,R18,0,4,0
Richmond,20/07/2022,13,R19,0,0,0
Richmond,20/07/2022,13,R20,6,6,0
Richmond,20/07/2022,13,R21,3,4,0
Richmond,20/07/2022,13,R22,4,4,0
Richmond,20/07/2022,13,R23,2,2,0
Richmond,20/07/2022,13,R24,4,4,20+
Richmond,20/07/2022,13,R25,5,3,0
Richmond,20/07/2022,13,R26,2,5,0
Richmond,20/07/2022,13,R27,1,4,0
Richmond,20/07/2022,13,R28,0,0,0
Richmond,20/07/2022,13,R29,1,5,0
Richmond,20/07/2022,13,R30,0,0,0
Richmond,20/07/2022,13,R31,0,2,0
Richmond,20/07/2022,13,R32,1,3,0
Richmond,20/07/2022,13,R33,0,0,0
Richmond,20/07/2022,13,R34,1,0,0
Richmond,20/07/2022,13,R35,5,1,0
Richmond,20/07/2022,13,R36,1,4,0
Richmond,20/07/2022,13,R61,1,0,0
Richmond,20/07/2022,13,R62,0,4,0
Richmond,20/07/2022,13,R63,1,1,0
Richmond,20/07/2022,13,R64,0,0,0
Richmond,20/07/2022,13,R65,1,8,0
Richmond,20/07/2022,13,R66,0,0,0
Richmond,20/07/2022,13,R67,0,0,0
Richmond,20/07/2022,13,R68,3,0,0
Richmond,20/07/2022,13,R69,1,0,0
Richmond,20/07/2022,13,R70,0,0,0
Richmond,20/07/2022,13,R71,0,2,0
Richmond,20/07/2022,13,R72,0,1,0
Richmond,20/07/2022,13,R73,0,1,0
Richmond,20/07/2022,13,R74,0,0,0
Richmond,20/07/2022,13,R75,0,0,0
Richmond,20/07/2022,13,R76,0,0,0
Richmond,20/07/2022,13,R77,0,0,0
Richmond,20/07/2022,13,R78,1,0,0
Richmond,20/07/2022,13,R79,0,0,0
Richmond,20/07/2022,13,R80,4,4,0
Richmond,20/07/2022,13,R81,5,2,0
Richmond,20/07/2022,13,R82,0,2,0
Richmond,20/07/2022,13,R83,1,3,0
Richmond,20/07/2022,13,R84,0,3,0
Richmond,20/07/2022,13,R85,0,0,0
Richmond,20/07/2022,13,R86,0,0,0
Richmond,20/07/2022,13,R87,0,1,0
Richmond,20/07/2022,13,R88,1,2,0
Richmond,20/07/2022,13,R89,0,0,0
Richmond,20/07/2022,13,R90,0,1,0
Richmond,20/07/2022,13,R91,0,2,0
Richmond,20/07/2022,13,R92,0,0,0
Richmond,20/07/2022,13,R93,10,4,5
Richmond,20/07/2022,13,R94,0,0,0
Richmond,20/07/2022,13,R95,1,1,0
Richmond,20/07/2022,13,R96,0,4,0
Richmond,20/07/2022,13,R97,0,1,0
Richmond,20/07/2022,13,R98,2,3,0
Richmond,20/07/2022,13,R99,2,0,0
Richmond,20/07/2022,13,R100,0,1,0
Richmond,20/07/2022,14,R1,3,0,0
Richmond,20/07/2022,14,R2,0,0,0
Richmond,20/07/2022,14,R3,0,0,0
Richmond,20/07/2022,14,R4,0,1,0
Richmond,20/07/2022,14,R5,0,12,0
Richmond,20/07/2022,14,R6,0,7,0
Richmond,20/07/2022,14,R7,0,0,1
Richmond,20/07/2022,14,R8,0,0,0
Richmond,20/07/2022,14,R9,4,9,0
Richmond,20/07/2022,14,R10,1,4,0
Richmond,20/07/2022,14,R11,3,1,0
Richmond,20/07/2022,14,R12,0,1,0
Richmond,20/07/2022,14,R13,0,2,0
Richmond,20/07/2022,14,R14,5,14,0
Richmond,20/07/2022,14,R15,5,10,0
Richmond,20/07/2022,14,R16,0,0,0
Richmond,20/07/2022,14,R17,0,0,0
Richmond,20/07/2022,14,R18,0,3,0
Richmond,20/07/2022,14,R19,0,0,1
Richmond,20/07/2022,14,R20,16,6,0
Richmond,20/07/2022,14,R21,2,2,0
Richmond,20/07/2022,14,R22,5,3,0
Richmond,20/07/2022,14,R23,4,0,0
Richmond,20/07/2022,14,R24,0,0,15
Richmond,20/07/2022,14,R25,4,3,0
Richmond,20/07/2022,14,R26,1,10,0
Richmond,20/07/2022,14,R27,0,0,0
Richmond,20/07/2022,14,R28,0,0,1
Richmond,20/07/2022,14,R29,0,0,0
Richmond,20/07/2022,14,R30,0,0,4
Richmond,20/07/2022,14,R31,4,2,0
Richmond,20/07/2022,14,R32,0,0,0
Richmond,20/07/2022,14,R33,0,0,0
Richmond,20/07/2022,14,R34,0,1,0
Richmond,20/07/2022,14,R35,0,0,0
Richmond,20/07/2022,14,R36,2,6,0
Richmond,20/07/2022,14,R37,0,1,0
Richmond,20/07/2022,14,R38,1,0,0
Richmond,20/07/2022,14,R39,2,12,0
Richmond,20/07/2022,14,R40,6,5,0
Richmond,20/07/2022,14,R41,2,6,0
Richmond,20/07/2022,14,R42,4,9,0
Richmond,20/07/2022,14,R43,1,0,0
Richmond,20/07/2022,14,R44,0,15,4
Richmond,20/07/2022,14,R45,3,2,88
Richmond,20/07/2022,14,R46,1,0,0
Richmond,20/07/2022,14,R47,1,0,0
Richmond,20/07/2022,14,R48,1,4,2
Richmond,20/07/2022,14,R49,0,3,2
Richmond,20/07/2022,14,R50,0,4,0
Richmond,20/07/2022,14,R51,0,0,0
Richmond,20/07/2022,14,R52,2,2,0
Richmond,20/07/2022,14,R53,0,2,0
Richmond,20/07/2022,14,R54,1,5,0
Richmond,20/07/2022,14,R55,2,6,3
Richmond,20/07/2022,14,R56,0,4,0
Richmond,20/07/2022,14,R57,8,15,0
Richmond,20/07/2022,14,R58,0,1,0
Richmond,20/07/2022,14,R59,0,2,0
Richmond,20/07/2022,14,R60,0,1,0
Richmond,20/07/2022,15,R1,3,0,0
Richmond,20/07/2022,15,R2,0,0,0
Richmond,20/07/2022,15,R3,0,0,0
Richmond,20/07/2022,15,R4,0,0,0
Richmond,20/07/2022,15,R5,0,0,0
Richmond,20/07/2022,15,R6,0,1,0
Richmond,20/07/2022,15,R7,0,0,0
Richmond,20/07/2022,15,R8,0,0,0
Richmond,20/07/2022,15,R9,1,0,0
Richmond,20/07/2022,15,R10,2,0,0
Richmond,20/07/2022,15,R11,3,1,1
Richmond,20/07/2022,15,R12,0,0,0
Richmond,20/07/2022,15,R14,0,0,0
Richmond,20/07/2022,15,R15,6,1,1
Richmond,20/07/2022,15,R16,0,0,12
Richmond,20/07/2022,15,R17,2,0,0
Richmond,20/07/2022,15,R19,0,1,0
Richmond,20/07/2022,15,R20,0,1,1
Richmond,20/07/2022,15,R21,0,0,0
Richmond,20/07/2022,15,R22,5,0,0
Richmond,20/07/2022,15,R23,0,1,2
Richmond,20/07/2022,15,R24,0,1,0
Richmond,20/07/2022,15,R25,0,0,0
Richmond,20/07/2022,15,R26,0,0,0
Richmond,20/07/2022,15,R27,0,0,0
Richmond,20/07/2022,15,R28,2,0,1
Richmond,20/07/2022,15,R29,0,0,0
Richmond,20/07/2022,15,R30,0,0,2
Richmond,20/07/2022,15,R31,0,0,0
Richmond,20/07/2022,15,R32,1,0,1
Richmond,20/07/2022,15,R33,0,1,0
Richmond,20/07/2022,15,R34,1,1,0
Richmond,20/07/2022,15,R35,0,0,0
Richmond,20/07/2022,15,R36,0,0,0
Richmond,20/07/2022,15,R37,0,0,0
Richmond,20/07/2022,15,R38,0,0,6
Richmond,20/07/2022,15,R39,0,0,1
Richmond,20/07/2022,15,R40,0,1,0
Richmond,20/07/2022,15,R41,1,1,0
Richmond,20/07/2022,15,R42,0,0,0
Richmond,20/07/2022,15,R43,1,0,1
Richmond,20/07/2022,15,R44,1,0,0
Richmond,20/07/2022,15,R45,2,0,2
Richmond,20/07/2022,15,R46,1,0,0
Richmond,20/07/2022,15,R47,0,0,0
Richmond,01/08/2022,17,R1,5,5,0
Richmond,01/08/2022,17,R2,0,5,0
Richmond,01/08/2022,17,R3,0,0,0
Richmond,01/08/2022,17,R4,3,5,0
Richmond,01/08/2022,17,R5,0,5,0
Richmond,01/08/2022,17,R6,0,5,0
Richmond,01/08/2022,17,R7,0,0,0
Richmond,01/08/2022,17,R8,0,0,0
Richmond,01/08/2022,17,R9,5,5,0
Richmond,01/08/2022,17,R10,0,0,0
Richmond,01/08/2022,17,R11,5,0,0
Richmond,01/08/2022,17,R12,0,5,0
Richmond,01/08/2022,17,R13,0,0,0
Richmond,01/08/2022,17,R14,0,0,0
Richmond,01/08/2022,17,R15,0,5,0
Richmond,01/08/2022,17,R16,0,0,0
Richmond,01/08/2022,17,R17,0,0,0
Richmond,01/08/2022,17,R18,0,0,0
Richmond,01/08/2022,17,R19,0,0,0
Richmond,01/08/2022,17,R20,10,5,0
Richmond,01/08/2022,17,R21,5,5,0
Richmond,01/08/2022,17,R22,5,0,0
Richmond,01/08/2022,17,R23,5,5,5
Richmond,01/08/2022,17,R24,0,0,20+
Richmond,01/08/2022,17,R25,0,0,0
Richmond,01/08/2022,17,R26,0,5,0
Richmond,01/08/2022,17,R27,0,5,0
Richmond,01/08/2022,17,R28,0,0,0
Richmond,01/08/2022,17,R29,0,0,0
Richmond,01/08/2022,17,R30,0,5,5
Richmond,01/08/2022,17,R31,0,0,0
Richmond,01/08/2022,17,R32,0,0,0
Richmond,01/08/2022,17,R33,0,0,0
Richmond,01/08/2022,17,R34,0,0,0
Richmond,01/08/2022,17,R35,0,0,1
Richmond,01/08/2022,17,R36,0,0,0
Richmond,01/08/2022,17,R37,0,0,0
Richmond,01/08/2022,17,R38,0,0,0
Richmond,01/08/2022,17,R39,5,0,0
Richmond,01/08/2022,17,R40,5,0,1
Richmond,01/08/2022,17,R41,0,0,0
Richmond,01/08/2022,17,R42,10,10,0
Richmond,01/08/2022,17,R43,0,0,0
Richmond,01/08/2022,17,R44,0,0,0
Richmond,01/08/2022,17,R45,0,0,20+
Richmond,01/08/2022,17,R46,0,0,0
Richmond,01/08/2022,17,R47,0,0,0
Richmond,01/08/2022,17,R48,1,0,0
Richmond,01/08/2022,17,R49,0,0,0
Richmond,01/08/2022,17,R50,0,5,0
Richmond,01/08/2022,17,R51,0,5,0
Richmond,01/08/2022,17,R52,0,5,0
Richmond,01/08/2022,17,R53,0,0,0
Richmond,01/08/2022,17,R54,0,0,10+
Richmond,01/08/2022,17,R55,3,5,0
Richmond,01/08/2022,17,R56,0,0,0
Richmond,01/08/2022,17,R57,0,0,0
Richmond,01/08/2022,17,R58,0,0,0
Richmond,01/08/2022,17,R59,0,0,0
Richmond,01/08/2022,17,R60,0,0,0
Richmond,01/08/2022,21,R1,3,2,0
Richmond,01/08/2022,21,R2,0,0,0
Richmond,01/08/2022,21,R3,0,0,1
Richmond,01/08/2022,21,R4,0,2,0
Richmond,01/08/2022,21,R5,0,3,0
Richmond,01/08/2022,21,R6,0,0,0
Richmond,01/08/2022,21,R7,0,0,0
Richmond,01/08/2022,21,R8,0,0,0
Richmond,01/08/2022,21,R9,2,4,0
Richmond,01/08/2022,21,R10,1,1,2
Richmond,01/08/2022,21,R11,2,1,0
Richmond,01/08/2022,21,R12,0,2,0
Richmond,01/08/2022,21,R13,0,0,0
Richmond,01/08/2022,21,R14,3,2,0
Richmond,01/08/2022,21,R15,0,7,0
Richmond,01/08/2022,21,R16,1,4,20+
Richmond,01/08/2022,21,R17,0,3,0
Richmond,01/08/2022,21,R18,0,0,0
Richmond,01/08/2022,21,R19,0,0,1
Richmond,01/08/2022,21,R20,5,3,1
Richmond,01/08/2022,21,R21,0,2,0
Richmond,01/08/2022,21,R22,2,1,1
Richmond,01/08/2022,21,R23,0,0,5
Richmond,01/08/2022,21,R24,0,0,20+
Richmond,01/08/2022,21,R25,3,0,0
Richmond,01/08/2022,21,R26,0,2,1
Richmond,01/08/2022,21,R27,0,1,0
Richmond,01/08/2022,21,R28,0,0,0
Richmond,01/08/2022,21,R29,0,0,0
Richmond,01/08/2022,21,R30,0,0,1
Richmond,01/08/2022,21,R31,0,0,0
Richmond,01/08/2022,21,R32,0,0,0
Richmond,01/08/2022,21,R33,0,0,2
Richmond,01/08/2022,21,R34,0,0,0
Richmond,01/08/2022,21,R35,0,0,1
Richmond,01/08/2022,21,R36,0,0,3
Richmond,01/08/2022,21,R37,0,0,0
Richmond,01/08/2022,21,R38,0,0,1
Richmond,01/08/2022,21,R39,2,1,3
Richmond,01/08/2022,21,R40,2,0,0
Richmond,01/08/2022,21,R41,0,0,0
Richmond,01/08/2022,21,R42,1,1,0
Richmond,01/08/2022,21,R43,0,0,0
Richmond,01/08/2022,21,R44,0,0,0
Richmond,01/08/2022,21,R45,1,0,50+
Richmond,01/08/2022,21,R46,0,0,0
Richmond,01/08/2022,21,R47,0,0,0
Richmond,01/08/2022,21,R48,0,0,0
Richmond,01/08/2022,21,R49,0,0,20+
Richmond,01/08/2022,21,R50,0,0,0
Richmond,01/08/2022,21,R51,0,0,0
Richmond,01/08/2022,21,R52,0,0,3
Richmond,01/08/2022,21,R53,0,0,0
Richmond,01/08/2022,21,R54,0,0,0
Richmond,01/08/2022,21,R55,0,0,0
Richmond,01/08/2022,21,R56,0,0,0
Richmond,01/08/2022,21,R57,3,0,10
Richmond,01/08/2022,21,R58,0,0,0
Richmond,01/08/2022,21,R59,0,0,0
Richmond,01/08/2022,21,R60,0,0,0
Richmond,01/08/2022,21,R61,0,0,0
Richmond,01/08/2022,21,R62,0,0,0
Richmond,01/08/2022,21,R63,1,0,0
Richmond,01/08/2022,21,R64,0,0,0
Richmond,01/08/2022,21,R65,0,0,0
Richmond,01/08/2022,21,R66,1,1,0
Richmond,01/08/2022,21,R68,1,0,0
Richmond,01/08/2022,21,R69,0,1,0
Richmond,01/08/2022,21,R70,0,0,0
Richmond,01/08/2022,21,R71,0,1,1
Richmond,01/08/2022,21,R72,0,0,0
Richmond,01/08/2022,21,R73,0,0,0
Richmond,01/08/2022,21,R74,0,0,0
Richmond,01/08/2022,21,R75,0,0,0
Richmond,01/08/2022,21,R76,0,0,0
Richmond,01/08/2022,21,R77,0,0,0
Richmond,01/08/2022,21,R78,0,0,0
Richmond,01/08/2022,21,R79,0,0,0
Richmond,01/08/2022,21,R80,2,3,0
Richmond,01/08/2022,21,R81,3,0,2
Richmond,01/08/2022,21,R82,1,1,0
Richmond,01/08/2022,21,R83,0,0,0
Richmond,01/08/2022,21,R84,0,0,0
Richmond,01/08/2022,21,R85,0,0,0
Richmond,01/08/2022,21,R86,0,0,0
Richmond,01/08/2022,21,R87,0,0,0
Richmond,01/08/2022,21,R88,0,0,0
Richmond,01/08/2022,21,R89,0,0,0
Richmond,01/08/2022,21,R90,0,0,0
Richmond,01/08/2022,21,R91,0,0,0
Richmond,01/08/2022,21,R92,0,0,0
Richmond,01/08/2022,21,R93,10,3,20+
Richmond,01/08/2022,21,R94,0,0,0
Richmond,01/08/2022,21,R95,0,0,0
Richmond,01/08/2022,21,R96,0,2,0
Richmond,01/08/2022,21,R97,0,0,0
Richmond,01/08/2022,21,R98,1,0,0
Richmond,01/08/2022,21,R99,0,0,0
Richmond,01/08/2022,21,R100,0,0,0
Richmond,01/08/2022,22,R1,2,4,0
Richmond,01/08/2022,22,R2,0,2,0
Richmond,01/08/2022,22,R3,0,4,0
Richmond,01/08/2022,22,R4,0,6,0
Richmond,01/08/2022,22,R5,0,2,0
Richmond,01/08/2022,22,R6,0,3,0
Richmond,01/08/2022,22,R7,0,6,0
Richmond,01/08/2022,22,R8,0,2,0
Richmond,01/08/2022,22,R9,2,3,0
Richmond,01/08/2022,22,R10,0,3,0
Richmond,01/08/2022,22,R11,2,3,0
Richmond,01/08/2022,22,R12,0,3,0
Richmond,01/08/2022,22,R13,0,3,0
Richmond,01/08/2022,22,R14,0,8,0
Richmond,01/08/2022,22,R15,0,5,0
Richmond,01/08/2022,22,R16,0,6,8
Richmond,01/08/2022,22,R17,0,3,3
Richmond,01/08/2022,22,R18,0,3,0
Richmond,01/08/2022,22,R19,0,2,0
Richmond,01/08/2022,22,R20,5,4,0
Richmond,01/08/2022,22,R21,0,4,0
Richmond,01/08/2022,22,R22,4,2,0
Richmond,01/08/2022,22,R23,1,3,3
Richmond,01/08/2022,22,R24,2,0,0
Richmond,01/08/2022,22,R25,1,2,0
Richmond,01/08/2022,22,R26,0,4,0
Richmond,01/08/2022,22,R27,0,2,0
Richmond,01/08/2022,22,R28,0,1,0
Richmond,01/08/2022,22,R29,0,1,0
Richmond,01/08/2022,22,R30,0,1,0
Richmond,01/08/2022,22,R31,0,1,0
Richmond,01/08/2022,22,R32,0,1,0
Richmond,01/08/2022,22,R33,0,1,0
Richmond,01/08/2022,22,R34,0,3,1
Richmond,01/08/2022,22,R35,0,0,0
Richmond,01/08/2022,22,R36,0,4,0
Richmond,01/08/2022,22,R37,0,1,0
Richmond,01/08/2022,22,R38,0,2,0
Richmond,01/08/2022,22,R39,0,4,0
Richmond,01/08/2022,22,R40,3,0,0
Richmond,01/08/2022,22,R41,0,2,0
Richmond,01/08/2022,22,R42,0,3,0
Richmond,01/08/2022,22,R43,0,2,0
Richmond,01/08/2022,22,R44,0,1,0
Richmond,01/08/2022,22,R45,0,0,20+
Richmond,01/08/2022,22,R46,0,1,0
Richmond,01/08/2022,22,R47,0,1,0
Richmond,01/08/2022,22,R48,0,2,0
Richmond,01/08/2022,22,R49,0,2,2
Richmond,01/08/2022,22,R50,0,3,0
Richmond,01/08/2022,22,R51,0,2,0
Richmond,01/08/2022,22,R52,0,4,0
Richmond,01/08/2022,22,R53,0,1,0
Richmond,01/08/2022,22,R54,1,3,0
Richmond,01/08/2022,22,R55,1,0,0
Richmond,01/08/2022,22,R56,0,2,0
Richmond,01/08/2022,22,R57,2,2,2
Richmond,01/08/2022,22,R58,0,0,0
Richmond,01/08/2022,22,R59,0,0,0
Richmond,01/08/2022,22,R60,0,0,0
Richmond,01/08/2022,23,R1,2,0,0
Richmond,01/08/2022,23,R2,0,0,0
Richmond,01/08/2022,23,R3,0,0,1
Richmond,01/08/2022,23,R4,0,0,0
Richmond,01/08/2022,23,R5,0,0,0
Richmond,01/08/2022,23,R6,0,0,0
Richmond,01/08/2022,23,R7,0,0,0
Richmond,01/08/2022,23,R8,0,0,0
Richmond,01/08/2022,23,R9,2,0,0
Richmond,01/08/2022,23,R10,0,0,0
Richmond,01/08/2022,23,R11,2,1,0
Richmond,01/08/2022,23,R12,0,0,0
Richmond,01/08/2022,23,R13,1,0,0
Richmond,01/08/2022,23,R14,3,2,0
Richmond,01/08/2022,23,R15,3,1,0
Richmond,01/08/2022,23,R16,0,0,15
Richmond,01/08/2022,23,R17,1,0,0
Richmond,01/08/2022,23,R18,0,0,0
Richmond,01/08/2022,23,R19,2,0,0
Richmond,01/08/2022,23,R20,6,0,0
Richmond,01/08/2022,23,R21,1,0,0
Richmond,01/08/2022,23,R22,3,0,0
Richmond,01/08/2022,23,R23,1,0,0
Richmond,01/08/2022,23,R24,1,0,10
Richmond,01/08/2022,23,R25,2,2,0
Richmond,01/08/2022,23,R26,0,1,1
Richmond,01/08/2022,23,R27,1,0,0
Richmond,01/08/2022,23,R28,0,0,0
Richmond,01/08/2022,23,R29,0,1,0
Richmond,01/08/2022,23,R30,0,0,0
Richmond,01/08/2022,23,R31,0,0,0
Richmond,01/08/2022,23,R32,0,0,0
Richmond,01/08/2022,23,R33,0,0,0
Richmond,01/08/2022,23,R34,0,0,0
Richmond,01/08/2022,23,R35,0,0,0
Richmond,01/08/2022,23,R36,0,0,0
Richmond,01/08/2022,23,R37,0,0,0
Richmond,01/08/2022,23,R38,0,0,0
Richmond,01/08/2022,23,R39,4,1,1
Richmond,01/08/2022,23,R40,2,0,0
Richmond,01/08/2022,23,R41,1,0,0
Richmond,01/08/2022,23,R42,1,1,0
Richmond,01/08/2022,23,R43,1,0,0
Richmond,01/08/2022,23,R44,0,2,0
Richmond,01/08/2022,23,R45,1,0,20+
Richmond,01/08/2022,23,R46,0,0,0
Richmond,01/08/2022,23,R47,1,0,0
Richmond,01/08/2022,23,R48,1,0,0
Richmond,01/08/2022,23,R49,0,0,0
Richmond,01/08/2022,23,R50,0,0,0
Richmond,01/08/2022,23,R51,0,1,0
Richmond,01/08/2022,23,R52,0,0,0
Richmond,01/08/2022,23,R53,0,0,0
Richmond,01/08/2022,23,R54,0,0,1
Richmond,01/08/2022,23,R55,1,0,0
Richmond,01/08/2022,23,R56,0,0,0
Richmond,01/08/2022,23,R57,5,0,0
Richmond,01/08/2022,23,R58,0,0,0
Richmond,01/08/2022,23,R59,0,0,0
Richmond,01/08/2022,23,R60,0,0,0
